PRAGMA defer_foreign_keys=TRUE;
CREATE TABLE user_profiles (
  id TEXT PRIMARY KEY,
  email_normalized TEXT NOT NULL UNIQUE,
  display_name TEXT,
  role_snapshot TEXT NOT NULL DEFAULT 'user',
  admin_source TEXT NOT NULL DEFAULT 'none',
  created_at TEXT NOT NULL DEFAULT CURRENT_TIMESTAMP,
  updated_at TEXT NOT NULL DEFAULT CURRENT_TIMESTAMP
);
INSERT INTO "user_profiles" ("id","email_normalized","display_name","role_snapshot","admin_source","created_at","updated_at") VALUES('dh9UCNGLmzRlSMXenEFmNvOMknwDx4XA','charles.yudefine@gmail.com',NULL,'admin','allowlist','2026-04-18 02:23:33','2026-04-18 02:23:33');
CREATE TABLE documents (
  id TEXT PRIMARY KEY,
  slug TEXT NOT NULL UNIQUE,
  title TEXT NOT NULL,
  category_slug TEXT NOT NULL DEFAULT '',
  access_level TEXT NOT NULL DEFAULT 'internal',
  status TEXT NOT NULL DEFAULT 'draft',
  current_version_id TEXT,
  created_by_user_id TEXT REFERENCES user_profiles(id),
  created_at TEXT NOT NULL DEFAULT CURRENT_TIMESTAMP,
  updated_at TEXT NOT NULL DEFAULT CURRENT_TIMESTAMP,
  archived_at TEXT
);
INSERT INTO "documents" ("id","slug","title","category_slug","access_level","status","current_version_id","created_by_user_id","created_at","updated_at","archived_at") VALUES('18c3fb33-4ada-4c10-9f84-b2b732c9ef38','smoke-test-0418','Smoke Test 0418 — AutoRAG 驗收','','internal','active','3d2bd549-707f-4c44-87f1-06c3e703fa46','dh9UCNGLmzRlSMXenEFmNvOMknwDx4XA','2026-04-18T14:04:50.328Z','2026-04-18T16:23:49.047Z',NULL);
INSERT INTO "documents" ("id","slug","title","category_slug","access_level","status","current_version_id","created_by_user_id","created_at","updated_at","archived_at") VALUES('b8abd97f-3d53-4790-bca5-51c56d83d010','secret-project-rose','機密專案玫瑰','','restricted','active','887c2eb2-50e0-4945-a2a1-aa83d8f56256',NULL,'2026-04-18T17:44:16.000Z','2026-04-18T17:44:16.000Z',NULL);
INSERT INTO "documents" ("id","slug","title","category_slug","access_level","status","current_version_id","created_by_user_id","created_at","updated_at","archived_at") VALUES('58c612e5-5e69-4d60-adb2-43eb90d68d27','doc-e3b06afe','採購流程-md','','internal','archived','92f763cf-c41e-4f61-993f-64930ea920a3','dh9UCNGLmzRlSMXenEFmNvOMknwDx4XA','2026-04-19T06:01:36.112Z','2026-04-19T06:48:39.011Z','2026-04-19T06:48:39.011Z');
INSERT INTO "documents" ("id","slug","title","category_slug","access_level","status","current_version_id","created_by_user_id","created_at","updated_at","archived_at") VALUES('945e2bb6-1be7-4bb0-aa42-03b9c41f15f9','cai-gou-v3','採購流程','','internal','active','793f61e7-a086-4829-9832-01b5db7381bd','dh9UCNGLmzRlSMXenEFmNvOMknwDx4XA','2026-04-19T06:16:34.604Z','2026-04-19T06:35:55.400Z',NULL);
CREATE TABLE document_versions (
  id TEXT PRIMARY KEY,
  document_id TEXT NOT NULL REFERENCES documents(id) ON DELETE CASCADE,
  version_number INTEGER NOT NULL,
  source_r2_key TEXT NOT NULL,
  normalized_text_r2_key TEXT,
  metadata_json TEXT NOT NULL DEFAULT '{}',
  smoke_test_queries_json TEXT NOT NULL DEFAULT '[]',
  index_status TEXT NOT NULL DEFAULT 'upload_pending',
  sync_status TEXT NOT NULL DEFAULT 'pending',
  is_current INTEGER NOT NULL DEFAULT 0,
  published_at TEXT,
  created_at TEXT NOT NULL DEFAULT CURRENT_TIMESTAMP,
  updated_at TEXT NOT NULL DEFAULT CURRENT_TIMESTAMP
);
INSERT INTO "document_versions" ("id","document_id","version_number","source_r2_key","normalized_text_r2_key","metadata_json","smoke_test_queries_json","index_status","sync_status","is_current","published_at","created_at","updated_at") VALUES('074620bd-a079-4c7a-9a5a-d35b01b6c254','18c3fb33-4ada-4c10-9f84-b2b732c9ef38',1,'staged/production/dh9UCNGLmzRlSMXenEFmNvOMknwDx4XA/22939bd7-aa06-4e29-ad1b-38c29020caf3/smoke-test-0418.md','normalized-text/074620bd-a079-4c7a-9a5a-d35b01b6c254/','{"accessLevel":"internal","categorySlug":"","sourceMimeType":"text/markdown","sourceObjectKey":"staged/production/dh9UCNGLmzRlSMXenEFmNvOMknwDx4XA/22939bd7-aa06-4e29-ad1b-38c29020caf3/smoke-test-0418.md","title":"Smoke Test 0418 — AutoRAG 驗收","versionNumber":1}','["Smoke Test 0418 — AutoRAG 驗收","測試目的","驗收提問腳本","預期 citation locator","版本標記"]','indexed','completed',0,'2026-04-18T14:17:17.000Z','2026-04-18T14:04:54.014Z','2026-04-18T16:23:49.047Z');
INSERT INTO "document_versions" ("id","document_id","version_number","source_r2_key","normalized_text_r2_key","metadata_json","smoke_test_queries_json","index_status","sync_status","is_current","published_at","created_at","updated_at") VALUES('3d2bd549-707f-4c44-87f1-06c3e703fa46','18c3fb33-4ada-4c10-9f84-b2b732c9ef38',3,'staged/production/dh9UCNGLmzRlSMXenEFmNvOMknwDx4XA/930a7b62-2d58-45c1-9081-0ad52305c795/smoke-test-0418.md','normalized-text/3d2bd549-707f-4c44-87f1-06c3e703fa46/','{"accessLevel":"internal","categorySlug":"","sourceMimeType":"text/markdown","sourceObjectKey":"staged/production/dh9UCNGLmzRlSMXenEFmNvOMknwDx4XA/930a7b62-2d58-45c1-9081-0ad52305c795/smoke-test-0418.md","title":"smoke-test-0418","versionNumber":3}','["Smoke Test 0418 — AutoRAG 驗收","測試目的","驗收提問腳本","預期 citation locator","版本標記"]','indexed','completed',1,'2026-04-18T16:23:49.047Z','2026-04-18T16:23:12.317Z','2026-04-18T16:23:49.047Z');
INSERT INTO "document_versions" ("id","document_id","version_number","source_r2_key","normalized_text_r2_key","metadata_json","smoke_test_queries_json","index_status","sync_status","is_current","published_at","created_at","updated_at") VALUES('887c2eb2-50e0-4945-a2a1-aa83d8f56256','b8abd97f-3d53-4790-bca5-51c56d83d010',1,'staged/manual/887c2eb2-50e0-4945-a2a1-aa83d8f56256.md','normalized-text/887c2eb2-50e0-4945-a2a1-aa83d8f56256/','{}','[]','indexed','completed',1,'2026-04-18T17:44:16.000Z','2026-04-18T17:44:16.000Z','2026-04-18T17:44:16.000Z');
INSERT INTO "document_versions" ("id","document_id","version_number","source_r2_key","normalized_text_r2_key","metadata_json","smoke_test_queries_json","index_status","sync_status","is_current","published_at","created_at","updated_at") VALUES('92f763cf-c41e-4f61-993f-64930ea920a3','58c612e5-5e69-4d60-adb2-43eb90d68d27',1,'staged/production/dh9UCNGLmzRlSMXenEFmNvOMknwDx4XA/d863898b-970e-4490-a12e-6548c7214bfe/採購流程.md','normalized-text/92f763cf-c41e-4f61-993f-64930ea920a3/','{"accessLevel":"internal","categorySlug":"","sourceMimeType":"text/markdown","sourceObjectKey":"staged/production/dh9UCNGLmzRlSMXenEFmNvOMknwDx4XA/d863898b-970e-4490-a12e-6548c7214bfe/採購流程.md","title":"採購流程-md","versionNumber":1}','["採購流程","採購作業步驟","關鍵角色","備註"]','indexed','completed',1,'2026-04-19T06:02:03.552Z','2026-04-19T06:01:38.515Z','2026-04-19T06:02:03.552Z');
INSERT INTO "document_versions" ("id","document_id","version_number","source_r2_key","normalized_text_r2_key","metadata_json","smoke_test_queries_json","index_status","sync_status","is_current","published_at","created_at","updated_at") VALUES('39a405eb-b06e-40f3-ac41-790f08ccd87e','945e2bb6-1be7-4bb0-aa42-03b9c41f15f9',1,'staged/production/dh9UCNGLmzRlSMXenEFmNvOMknwDx4XA/44397458-bf0d-414a-b0f7-66bbf1862442/採購流程.md','normalized-text/39a405eb-b06e-40f3-ac41-790f08ccd87e/','{"accessLevel":"internal","categorySlug":"","sourceMimeType":"text/markdown","sourceObjectKey":"staged/production/dh9UCNGLmzRlSMXenEFmNvOMknwDx4XA/44397458-bf0d-414a-b0f7-66bbf1862442/採購流程.md","title":"採購流程","versionNumber":1}','["採購流程","採購作業步驟","關鍵角色","備註"]','indexed','completed',0,'2026-04-19T06:16:58.673Z','2026-04-19T06:16:37.116Z','2026-04-19T06:39:13.011Z');
INSERT INTO "document_versions" ("id","document_id","version_number","source_r2_key","normalized_text_r2_key","metadata_json","smoke_test_queries_json","index_status","sync_status","is_current","published_at","created_at","updated_at") VALUES('793f61e7-a086-4829-9832-01b5db7381bd','945e2bb6-1be7-4bb0-aa42-03b9c41f15f9',2,'staged/production/dh9UCNGLmzRlSMXenEFmNvOMknwDx4XA/e06f1aef-8703-4a15-a918-380ab9287409/採購流程.md','normalized-text/793f61e7-a086-4829-9832-01b5db7381bd/','{"accessLevel":"internal","categorySlug":"","sourceMimeType":"text/markdown","sourceObjectKey":"staged/production/dh9UCNGLmzRlSMXenEFmNvOMknwDx4XA/e06f1aef-8703-4a15-a918-380ab9287409/採購流程.md","title":"採購流程","versionNumber":2}','["採購流程","採購作業步驟","關鍵角色","備註"]','indexed','completed',1,'2026-04-19T06:19:58.618Z','2026-04-19T06:19:31.151Z','2026-04-19T06:19:58.618Z');
CREATE TABLE source_chunks (
  id TEXT PRIMARY KEY,
  document_version_id TEXT NOT NULL REFERENCES document_versions(id) ON DELETE CASCADE,
  chunk_index INTEGER NOT NULL,
  chunk_hash TEXT NOT NULL,
  chunk_text TEXT NOT NULL,
  citation_locator TEXT NOT NULL,
  access_level TEXT NOT NULL DEFAULT 'internal',
  metadata_json TEXT NOT NULL DEFAULT '{}',
  created_at TEXT NOT NULL DEFAULT CURRENT_TIMESTAMP
);
INSERT INTO "source_chunks" ("id","document_version_id","chunk_index","chunk_hash","chunk_text","citation_locator","access_level","metadata_json","created_at") VALUES('a61a7c6a-fde1-4cef-8421-48d146e91f38','074620bd-a079-4c7a-9a5a-d35b01b6c254',0,'b1b92d7eab1f3f8f1d4cd0d80e012ac488de00f3ab0769fb4e606cbf5d36ef66',replace('Smoke Test 0418 — AutoRAG 驗收\n這份文件用於驗證 AutoRAG indexing pipeline（task 8.5 / 8.6）是否能把 per-chunk R2 物件正確推到 indexed 狀態。','\n',char(10)),'lines 1-2','internal','{"lineEnd":2,"lineStart":1}','2026-04-18 14:04:54');
INSERT INTO "source_chunks" ("id","document_version_id","chunk_index","chunk_hash","chunk_text","citation_locator","access_level","metadata_json","created_at") VALUES('527fb239-8af4-4191-b30a-5f4039fb5ea3','074620bd-a079-4c7a-9a5a-d35b01b6c254',1,'8bf148136c8021197d0f9c744bff8d569e257d9c162fcda0f2126070c865f087',replace('測試目的\n確認以下五件事在 staging 環境成立：','\n',char(10)),'lines 4-5','internal','{"lineEnd":5,"lineStart":4}','2026-04-18 14:04:54');
INSERT INTO "source_chunks" ("id","document_version_id","chunk_index","chunk_hash","chunk_text","citation_locator","access_level","metadata_json","created_at") VALUES('6d90c3be-c8a3-4cc9-a3ca-bbdd39a4c8b8','074620bd-a079-4c7a-9a5a-d35b01b6c254',2,'4de0d92268736ba74c7e3cba8a3f313ee8bd7f03512a926d2c4a9ac64d30055a',replace('1. Upload wizard 的 select → upload → finalize → sync 步驟能正常走完\n2. Sync 完成後，R2 bucket 的 normalized-text/<versionId/ 底下會出現 per-chunk 物件\n3. 每個 chunk 物件的 customMetadata 包含 status、versionstate、accesslevel、categoryslug、citationlocator、documentversionid、title\n4. AutoRAG 會自動 crawl 新物件並建立向量索引\n5. documentversions.indexstatus 會從 preprocessing 推進到 smokepending、最後到 indexed','\n',char(10)),'lines 7-11','internal','{"lineEnd":11,"lineStart":7}','2026-04-18 14:04:54');
INSERT INTO "source_chunks" ("id","document_version_id","chunk_index","chunk_hash","chunk_text","citation_locator","access_level","metadata_json","created_at") VALUES('eb01aa10-3c95-4826-8d87-77b5e33f5a5f','074620bd-a079-4c7a-9a5a-d35b01b6c254',3,'d717acfe3e07125535566119ba9ede6267762fb6151ad93a04b59dab794399d1',replace('驗收提問腳本\n完成上架後，在 /chat 問以下問題以驗證檢索：','\n',char(10)),'lines 13-14','internal','{"lineEnd":14,"lineStart":13}','2026-04-18 14:04:54');
INSERT INTO "source_chunks" ("id","document_version_id","chunk_index","chunk_hash","chunk_text","citation_locator","access_level","metadata_json","created_at") VALUES('ac75ad58-8c9b-4798-b93f-c84e3e224699','074620bd-a079-4c7a-9a5a-d35b01b6c254',4,'90a4f4abb21fe96a2506a3dda9a4582ba887dddce2ba461cd1584e6107e54153',replace('「AutoRAG 驗收文件的測試目的是什麼？」\n「Smoke Test 0418 預計推進哪些狀態？」','\n',char(10)),'lines 16-17','internal','{"lineEnd":17,"lineStart":16}','2026-04-18 14:04:54');
INSERT INTO "source_chunks" ("id","document_version_id","chunk_index","chunk_hash","chunk_text","citation_locator","access_level","metadata_json","created_at") VALUES('1e3ec39a-4b67-4d18-b2d5-91251dbc1c61','074620bd-a079-4c7a-9a5a-d35b01b6c254',5,'566c5c15bc2b0774f3023107cdd617d0a9f50633a50781fd5f9c1fbcd5240852','期望看到 streaming 回答，並有 citation 連回本文件。','lines 19-19','internal','{"lineEnd":19,"lineStart":19}','2026-04-18 14:04:55');
INSERT INTO "source_chunks" ("id","document_version_id","chunk_index","chunk_hash","chunk_text","citation_locator","access_level","metadata_json","created_at") VALUES('aee76c6d-c4c2-45d6-908f-001b6602f6c9','074620bd-a079-4c7a-9a5a-d35b01b6c254',6,'c91db5213d5f5d6a56c307326191116387cb15ab0b677b6436b2cbc9d38c7660',replace('預期 citation locator\n本文件共三段小節（測試目的、驗收提問腳本、預期 citation locator）。AutoRAG retrieval 應能把使用者的問題 match 到對應段落，並顯示 citationlocator 指向該 chunk。','\n',char(10)),'lines 21-22','internal','{"lineEnd":22,"lineStart":21}','2026-04-18 14:04:55');
INSERT INTO "source_chunks" ("id","document_version_id","chunk_index","chunk_hash","chunk_text","citation_locator","access_level","metadata_json","created_at") VALUES('126adcf6-50ae-4223-8167-51a954c60504','074620bd-a079-4c7a-9a5a-d35b01b6c254',7,'74aeb6a5191056d49368eeb0667ad6fe9ea5452817b247049a86a81fdd337177',replace('版本標記\nVersion: v1\nDate: 2026-04-18\nOwner: Charles (charles.yudefine@gmail.com)\nPurpose: Task 8.6 / B2 / B3 end-to-end smoke test','\n',char(10)),'lines 24-28','internal','{"lineEnd":28,"lineStart":24}','2026-04-18 14:04:55');
INSERT INTO "source_chunks" ("id","document_version_id","chunk_index","chunk_hash","chunk_text","citation_locator","access_level","metadata_json","created_at") VALUES('d91c061d-9a6e-4a02-8db3-9c745ab74b70','3d2bd549-707f-4c44-87f1-06c3e703fa46',0,'b1b92d7eab1f3f8f1d4cd0d80e012ac488de00f3ab0769fb4e606cbf5d36ef66',replace('Smoke Test 0418 — AutoRAG 驗收\n這份文件用於驗證 AutoRAG indexing pipeline（task 8.5 / 8.6）是否能把 per-chunk R2 物件正確推到 indexed 狀態。','\n',char(10)),'lines 1-2','internal','{"lineEnd":2,"lineStart":1}','2026-04-18 16:23:12');
INSERT INTO "source_chunks" ("id","document_version_id","chunk_index","chunk_hash","chunk_text","citation_locator","access_level","metadata_json","created_at") VALUES('6a993570-4cb2-4f3d-85ad-c6a165fbdab3','3d2bd549-707f-4c44-87f1-06c3e703fa46',1,'8bf148136c8021197d0f9c744bff8d569e257d9c162fcda0f2126070c865f087',replace('測試目的\n確認以下五件事在 staging 環境成立：','\n',char(10)),'lines 4-5','internal','{"lineEnd":5,"lineStart":4}','2026-04-18 16:23:12');
INSERT INTO "source_chunks" ("id","document_version_id","chunk_index","chunk_hash","chunk_text","citation_locator","access_level","metadata_json","created_at") VALUES('21fb3b07-e88e-497a-9c1f-e6e13c41b172','3d2bd549-707f-4c44-87f1-06c3e703fa46',2,'4de0d92268736ba74c7e3cba8a3f313ee8bd7f03512a926d2c4a9ac64d30055a',replace('1. Upload wizard 的 select → upload → finalize → sync 步驟能正常走完\n2. Sync 完成後，R2 bucket 的 normalized-text/<versionId/ 底下會出現 per-chunk 物件\n3. 每個 chunk 物件的 customMetadata 包含 status、versionstate、accesslevel、categoryslug、citationlocator、documentversionid、title\n4. AutoRAG 會自動 crawl 新物件並建立向量索引\n5. documentversions.indexstatus 會從 preprocessing 推進到 smokepending、最後到 indexed','\n',char(10)),'lines 7-11','internal','{"lineEnd":11,"lineStart":7}','2026-04-18 16:23:12');
INSERT INTO "source_chunks" ("id","document_version_id","chunk_index","chunk_hash","chunk_text","citation_locator","access_level","metadata_json","created_at") VALUES('4dd2ee0c-ada0-41c1-94a4-c9f4e7d2412f','3d2bd549-707f-4c44-87f1-06c3e703fa46',3,'d717acfe3e07125535566119ba9ede6267762fb6151ad93a04b59dab794399d1',replace('驗收提問腳本\n完成上架後，在 /chat 問以下問題以驗證檢索：','\n',char(10)),'lines 13-14','internal','{"lineEnd":14,"lineStart":13}','2026-04-18 16:23:13');
INSERT INTO "source_chunks" ("id","document_version_id","chunk_index","chunk_hash","chunk_text","citation_locator","access_level","metadata_json","created_at") VALUES('e9701f59-a323-4423-9316-dfd4be477072','3d2bd549-707f-4c44-87f1-06c3e703fa46',4,'90a4f4abb21fe96a2506a3dda9a4582ba887dddce2ba461cd1584e6107e54153',replace('「AutoRAG 驗收文件的測試目的是什麼？」\n「Smoke Test 0418 預計推進哪些狀態？」','\n',char(10)),'lines 16-17','internal','{"lineEnd":17,"lineStart":16}','2026-04-18 16:23:13');
INSERT INTO "source_chunks" ("id","document_version_id","chunk_index","chunk_hash","chunk_text","citation_locator","access_level","metadata_json","created_at") VALUES('126e71fe-dcc1-4760-a4f5-bc922c153358','3d2bd549-707f-4c44-87f1-06c3e703fa46',5,'566c5c15bc2b0774f3023107cdd617d0a9f50633a50781fd5f9c1fbcd5240852','期望看到 streaming 回答，並有 citation 連回本文件。','lines 19-19','internal','{"lineEnd":19,"lineStart":19}','2026-04-18 16:23:13');
INSERT INTO "source_chunks" ("id","document_version_id","chunk_index","chunk_hash","chunk_text","citation_locator","access_level","metadata_json","created_at") VALUES('e4a1f79f-d858-4ca0-bc87-0ecf0ecc8561','3d2bd549-707f-4c44-87f1-06c3e703fa46',6,'c91db5213d5f5d6a56c307326191116387cb15ab0b677b6436b2cbc9d38c7660',replace('預期 citation locator\n本文件共三段小節（測試目的、驗收提問腳本、預期 citation locator）。AutoRAG retrieval 應能把使用者的問題 match 到對應段落，並顯示 citationlocator 指向該 chunk。','\n',char(10)),'lines 21-22','internal','{"lineEnd":22,"lineStart":21}','2026-04-18 16:23:13');
INSERT INTO "source_chunks" ("id","document_version_id","chunk_index","chunk_hash","chunk_text","citation_locator","access_level","metadata_json","created_at") VALUES('cee6dbc9-8efb-422f-9054-4090b144d268','3d2bd549-707f-4c44-87f1-06c3e703fa46',7,'09962f4d03e3999c069f7f17d832e4fd98ac10f2e5aff5fa72f9ef72dadcf892',replace('版本標記\nVersion: v2\nDate: 2026-04-19\nOwner: Charles (charles.yudefine@gmail.com)\nPurpose: Task 8.6 / B2 / B3 end-to-end smoke test','\n',char(10)),'lines 24-28','internal','{"lineEnd":28,"lineStart":24}','2026-04-18 16:23:13');
INSERT INTO "source_chunks" ("id","document_version_id","chunk_index","chunk_hash","chunk_text","citation_locator","access_level","metadata_json","created_at") VALUES('59dab7bf-e6cf-47cc-9989-716b5f8396dc','3d2bd549-707f-4c44-87f1-06c3e703fa46',8,'94fbcaa838cd74489c886cf36588581cead645143c49cf4343a43a48ee134098',replace('v2 新增章節 — 驗證 current-version-only\nv2 專屬口令：紫色長頸鹿在月亮上跳舞。','\n',char(10)),'lines 30-31','internal','{"lineEnd":31,"lineStart":30}','2026-04-18 16:23:13');
INSERT INTO "source_chunks" ("id","document_version_id","chunk_index","chunk_hash","chunk_text","citation_locator","access_level","metadata_json","created_at") VALUES('39db37b0-fa2c-4856-ad3a-474a87ad442f','3d2bd549-707f-4c44-87f1-06c3e703fa46',9,'5c555aff1f274e58c48a6756c019879a9c351721f24bc6baab23ff65095592c8','這段內容只有 v2 才有，v1 完全沒提到紫色長頸鹿。','lines 33-33','internal','{"lineEnd":33,"lineStart":33}','2026-04-18 16:23:14');
INSERT INTO "source_chunks" ("id","document_version_id","chunk_index","chunk_hash","chunk_text","citation_locator","access_level","metadata_json","created_at") VALUES('382ba5b9-1a84-430a-a3bf-da07adfee648','3d2bd549-707f-4c44-87f1-06c3e703fa46',10,'c5bb7d2204249c74f0c1453aaed54205132cec2cf3debf9ae91c1ded8dc750f5','如果問「紫色長頸鹿做什麼？」應該只從 v2 找到答案（v1 不該被命中，因為已經不是 current version）。','lines 35-35','internal','{"lineEnd":35,"lineStart":35}','2026-04-18 16:23:14');
INSERT INTO "source_chunks" ("id","document_version_id","chunk_index","chunk_hash","chunk_text","citation_locator","access_level","metadata_json","created_at") VALUES('eaf7f2d1-dbd6-4d0a-a174-e8355aca64a6','887c2eb2-50e0-4945-a2a1-aa83d8f56256',0,'e384f6bbf1c73bffb4d34a45597a3d5f24abf78dd46273d10d633d0d4bec41db','機密專案代號「暗紫玫瑰」的啟動日期是 2026 年 4 月 30 日，預算 NT$ 100 萬。','line 1','restricted','{}','2026-04-18T17:44:16.000Z');
INSERT INTO "source_chunks" ("id","document_version_id","chunk_index","chunk_hash","chunk_text","citation_locator","access_level","metadata_json","created_at") VALUES('06de3d4b-5b85-49bd-b628-eeeec17edefb','92f763cf-c41e-4f61-993f-64930ea920a3',0,'ab3e74124307835183363be59bcab697a9a12c4e5f0b56ebe431ec001177b753',replace('採購流程\n本文件用於人工驗收 5.1 中文檔名保留驗證。','\n',char(10)),'lines 1-2','internal','{"lineEnd":2,"lineStart":1}','2026-04-19 06:01:38');
INSERT INTO "source_chunks" ("id","document_version_id","chunk_index","chunk_hash","chunk_text","citation_locator","access_level","metadata_json","created_at") VALUES('0b714cf6-f475-47d6-8f87-74df28fac750','92f763cf-c41e-4f61-993f-64930ea920a3',1,'024bc265df47914e307dba81e5ff9bd0b1b6d2d10aa36aa737ea5c24f0b8bf39',replace('採購作業步驟\n1. 需求單位提出採購申請。\n2. 採購人員評估需求並尋找合格供應商。\n3. 取得至少三家報價單進行比價。\n4. 主管簽核後發出採購單。\n5. 驗收入庫與財務付款。','\n',char(10)),'lines 4-9','internal','{"lineEnd":9,"lineStart":4}','2026-04-19 06:01:38');
INSERT INTO "source_chunks" ("id","document_version_id","chunk_index","chunk_hash","chunk_text","citation_locator","access_level","metadata_json","created_at") VALUES('9ea91eb5-2563-4789-b57d-62881a7755f8','92f763cf-c41e-4f61-993f-64930ea920a3',2,'0cbd3c706711a4708d1af6c3b51776c7c862b2e49453dffdabf6dd1e5a40034c',replace('關鍵角色\n需求單位\n採購部門\n財務部門','\n',char(10)),'lines 11-14','internal','{"lineEnd":14,"lineStart":11}','2026-04-19 06:01:39');
INSERT INTO "source_chunks" ("id","document_version_id","chunk_index","chunk_hash","chunk_text","citation_locator","access_level","metadata_json","created_at") VALUES('472d1ad1-711a-454c-8848-0d29a9836c5f','92f763cf-c41e-4f61-993f-64930ea920a3',3,'492aa9e57713d7be1c5c83f523ad63ff62f3cc2c9e78e95cdc83e085ce17ace4',replace('備註\n文件產生日期：2026-04-19。\n此內容為測試用途。','\n',char(10)),'lines 16-18','internal','{"lineEnd":18,"lineStart":16}','2026-04-19 06:01:39');
INSERT INTO "source_chunks" ("id","document_version_id","chunk_index","chunk_hash","chunk_text","citation_locator","access_level","metadata_json","created_at") VALUES('d6c871df-af88-4d33-9c89-188ad64ae704','39a405eb-b06e-40f3-ac41-790f08ccd87e',0,'ab3e74124307835183363be59bcab697a9a12c4e5f0b56ebe431ec001177b753',replace('採購流程\n本文件用於人工驗收 5.1 中文檔名保留驗證。','\n',char(10)),'lines 1-2','internal','{"lineEnd":2,"lineStart":1}','2026-04-19 06:16:37');
INSERT INTO "source_chunks" ("id","document_version_id","chunk_index","chunk_hash","chunk_text","citation_locator","access_level","metadata_json","created_at") VALUES('40a17fc7-e68c-4092-b18a-d874420648a5','39a405eb-b06e-40f3-ac41-790f08ccd87e',1,'024bc265df47914e307dba81e5ff9bd0b1b6d2d10aa36aa737ea5c24f0b8bf39',replace('採購作業步驟\n1. 需求單位提出採購申請。\n2. 採購人員評估需求並尋找合格供應商。\n3. 取得至少三家報價單進行比價。\n4. 主管簽核後發出採購單。\n5. 驗收入庫與財務付款。','\n',char(10)),'lines 4-9','internal','{"lineEnd":9,"lineStart":4}','2026-04-19 06:16:37');
INSERT INTO "source_chunks" ("id","document_version_id","chunk_index","chunk_hash","chunk_text","citation_locator","access_level","metadata_json","created_at") VALUES('c70bae92-b09e-4457-81f3-780756393dde','39a405eb-b06e-40f3-ac41-790f08ccd87e',2,'0cbd3c706711a4708d1af6c3b51776c7c862b2e49453dffdabf6dd1e5a40034c',replace('關鍵角色\n需求單位\n採購部門\n財務部門','\n',char(10)),'lines 11-14','internal','{"lineEnd":14,"lineStart":11}','2026-04-19 06:16:37');
INSERT INTO "source_chunks" ("id","document_version_id","chunk_index","chunk_hash","chunk_text","citation_locator","access_level","metadata_json","created_at") VALUES('b744c9a7-dd0f-408c-9cc9-3e37361918b5','39a405eb-b06e-40f3-ac41-790f08ccd87e',3,'492aa9e57713d7be1c5c83f523ad63ff62f3cc2c9e78e95cdc83e085ce17ace4',replace('備註\n文件產生日期：2026-04-19。\n此內容為測試用途。','\n',char(10)),'lines 16-18','internal','{"lineEnd":18,"lineStart":16}','2026-04-19 06:16:37');
INSERT INTO "source_chunks" ("id","document_version_id","chunk_index","chunk_hash","chunk_text","citation_locator","access_level","metadata_json","created_at") VALUES('54b2ef28-3f41-4cb5-b8fb-0729d2da8a61','793f61e7-a086-4829-9832-01b5db7381bd',0,'ab3e74124307835183363be59bcab697a9a12c4e5f0b56ebe431ec001177b753',replace('採購流程\n本文件用於人工驗收 5.1 中文檔名保留驗證。','\n',char(10)),'lines 1-2','internal','{"lineEnd":2,"lineStart":1}','2026-04-19 06:19:31');
INSERT INTO "source_chunks" ("id","document_version_id","chunk_index","chunk_hash","chunk_text","citation_locator","access_level","metadata_json","created_at") VALUES('c7c787b1-03ef-4463-9432-6fe78db940fd','793f61e7-a086-4829-9832-01b5db7381bd',1,'024bc265df47914e307dba81e5ff9bd0b1b6d2d10aa36aa737ea5c24f0b8bf39',replace('採購作業步驟\n1. 需求單位提出採購申請。\n2. 採購人員評估需求並尋找合格供應商。\n3. 取得至少三家報價單進行比價。\n4. 主管簽核後發出採購單。\n5. 驗收入庫與財務付款。','\n',char(10)),'lines 4-9','internal','{"lineEnd":9,"lineStart":4}','2026-04-19 06:19:31');
INSERT INTO "source_chunks" ("id","document_version_id","chunk_index","chunk_hash","chunk_text","citation_locator","access_level","metadata_json","created_at") VALUES('7b787a21-830a-4713-8be6-fdd3bcb9c203','793f61e7-a086-4829-9832-01b5db7381bd',2,'0cbd3c706711a4708d1af6c3b51776c7c862b2e49453dffdabf6dd1e5a40034c',replace('關鍵角色\n需求單位\n採購部門\n財務部門','\n',char(10)),'lines 11-14','internal','{"lineEnd":14,"lineStart":11}','2026-04-19 06:19:31');
INSERT INTO "source_chunks" ("id","document_version_id","chunk_index","chunk_hash","chunk_text","citation_locator","access_level","metadata_json","created_at") VALUES('d348ac2a-9f87-469a-9e5e-c5de468bd75d','793f61e7-a086-4829-9832-01b5db7381bd',3,'492aa9e57713d7be1c5c83f523ad63ff62f3cc2c9e78e95cdc83e085ce17ace4',replace('備註\n文件產生日期：2026-04-19。\n此內容為測試用途。','\n',char(10)),'lines 16-18','internal','{"lineEnd":18,"lineStart":16}','2026-04-19 06:19:31');
CREATE TABLE conversations (
  id TEXT PRIMARY KEY,
  user_profile_id TEXT REFERENCES user_profiles(id),
  access_level TEXT NOT NULL DEFAULT 'internal',
  title TEXT NOT NULL DEFAULT 'New conversation',
  created_at TEXT NOT NULL DEFAULT CURRENT_TIMESTAMP,
  updated_at TEXT NOT NULL DEFAULT CURRENT_TIMESTAMP,
  deleted_at TEXT
);
INSERT INTO "conversations" ("id","user_profile_id","access_level","title","created_at","updated_at","deleted_at") VALUES('21ae1163-4521-455b-bcfd-a1615d48d041','dh9UCNGLmzRlSMXenEFmNvOMknwDx4XA','internal','AutoRAG 驗收文件的測試目的是什麼？','2026-04-18T14:18:41.743Z','2026-04-18T14:18:41.743Z',NULL);
INSERT INTO "conversations" ("id","user_profile_id","access_level","title","created_at","updated_at","deleted_at") VALUES('342ef5ae-e17c-4625-bbf8-ed88489826d7','dh9UCNGLmzRlSMXenEFmNvOMknwDx4XA','internal','AutoRAG 驗收文件的測試目的是什麼？','2026-04-18T14:21:18.620Z','2026-04-18T14:21:18.620Z',NULL);
INSERT INTO "conversations" ("id","user_profile_id","access_level","title","created_at","updated_at","deleted_at") VALUES('8b554cc0-d0a5-4421-9ab4-becdfafa9199','dh9UCNGLmzRlSMXenEFmNvOMknwDx4XA','internal','AutoRAG 驗收文件的測試目的是什麼？','2026-04-18T14:22:46.038Z','2026-04-18T14:22:46.038Z',NULL);
INSERT INTO "conversations" ("id","user_profile_id","access_level","title","created_at","updated_at","deleted_at") VALUES('205069bd-2a4b-44f2-9038-57df937126fe','dh9UCNGLmzRlSMXenEFmNvOMknwDx4XA','internal','AutoRAG 驗收文件的測試目的是什麼？','2026-04-18T15:35:44.432Z','2026-04-18T15:35:44.432Z',NULL);
INSERT INTO "conversations" ("id","user_profile_id","access_level","title","created_at","updated_at","deleted_at") VALUES('0d448dd0-2768-4579-8a3d-f08d2cbeeb55','dh9UCNGLmzRlSMXenEFmNvOMknwDx4XA','internal',replace('{\n  "error": true,\n  "url": "https://age','\n',char(10)),'2026-04-18T15:40:01.267Z','2026-04-18T15:40:01.267Z',NULL);
INSERT INTO "conversations" ("id","user_profile_id","access_level","title","created_at","updated_at","deleted_at") VALUES('9cf093b3-b862-40d2-b260-2b081b258664','dh9UCNGLmzRlSMXenEFmNvOMknwDx4XA','internal','AutoRAG 驗收文件的測試目的是什麼？','2026-04-18T15:40:07.732Z','2026-04-18T15:40:07.732Z',NULL);
INSERT INTO "conversations" ("id","user_profile_id","access_level","title","created_at","updated_at","deleted_at") VALUES('9e901105-4809-47f6-bcc2-3f94b3b008cb','dh9UCNGLmzRlSMXenEFmNvOMknwDx4XA','internal','AutoRAG 驗收文件的測試目的是什麼？','2026-04-18T15:41:54.200Z','2026-04-18T15:41:54.200Z',NULL);
INSERT INTO "conversations" ("id","user_profile_id","access_level","title","created_at","updated_at","deleted_at") VALUES('f08f33a0-a7ff-4971-9fc2-1c966bdb6375','dh9UCNGLmzRlSMXenEFmNvOMknwDx4XA','internal','AutoRAG 驗收文件的測試目的是什麼？','2026-04-18T15:42:59.282Z','2026-04-18T15:42:59.282Z',NULL);
INSERT INTO "conversations" ("id","user_profile_id","access_level","title","created_at","updated_at","deleted_at") VALUES('c43420dd-9692-4cf2-ac49-f7f1aff081da','dh9UCNGLmzRlSMXenEFmNvOMknwDx4XA','internal','AutoRAG 驗收文件的測試目的是什麼？','2026-04-18T15:44:15.007Z','2026-04-18T15:44:15.007Z',NULL);
INSERT INTO "conversations" ("id","user_profile_id","access_level","title","created_at","updated_at","deleted_at") VALUES('c8875e15-e0ed-4509-bdb6-bbe6c24e941e','dh9UCNGLmzRlSMXenEFmNvOMknwDx4XA','internal','AutoRAG 驗收文件的測試目的是什麼？','2026-04-18T15:48:35.210Z','2026-04-18T15:48:35.210Z',NULL);
INSERT INTO "conversations" ("id","user_profile_id","access_level","title","created_at","updated_at","deleted_at") VALUES('8a8d7970-3a51-4401-8327-b41fe9dbefa8','dh9UCNGLmzRlSMXenEFmNvOMknwDx4XA','internal','AutoRAG 驗收文件的測試目的是什麼？','2026-04-18T15:53:03.321Z','2026-04-18T15:53:03.321Z',NULL);
INSERT INTO "conversations" ("id","user_profile_id","access_level","title","created_at","updated_at","deleted_at") VALUES('58996e2e-6833-47fc-a502-f3bf3f441d41','dh9UCNGLmzRlSMXenEFmNvOMknwDx4XA','internal','今天股票哪支漲？','2026-04-18T15:53:53.031Z','2026-04-18T15:53:53.031Z',NULL);
INSERT INTO "conversations" ("id","user_profile_id","access_level","title","created_at","updated_at","deleted_at") VALUES('2699f481-8d4b-4de4-b7c8-b53d441f8d28','dh9UCNGLmzRlSMXenEFmNvOMknwDx4XA','internal','紫色長頸鹿做什麼？','2026-04-18T16:25:13.641Z','2026-04-18T16:25:13.641Z',NULL);
INSERT INTO "conversations" ("id","user_profile_id","access_level","title","created_at","updated_at","deleted_at") VALUES('8338f947-5ea4-4273-8bc6-f57ceecdac7a','dh9UCNGLmzRlSMXenEFmNvOMknwDx4XA','internal','AutoRAG 驗收文件的測試目的是什麼？','2026-04-18T16:40:56.649Z','2026-04-18T16:40:56.649Z',NULL);
INSERT INTO "conversations" ("id","user_profile_id","access_level","title","created_at","updated_at","deleted_at") VALUES('b7d47ad2-30c4-46be-8548-45a2759aed4f','dh9UCNGLmzRlSMXenEFmNvOMknwDx4XA','internal','AutoRAG 驗收文件的測試目的是什麼？','2026-04-18T17:03:32.864Z','2026-04-18T17:03:32.864Z',NULL);
INSERT INTO "conversations" ("id","user_profile_id","access_level","title","created_at","updated_at","deleted_at") VALUES('9ef7e486-373d-4876-9f26-36bbe0544ff4','dh9UCNGLmzRlSMXenEFmNvOMknwDx4XA','internal','AutoRAG 驗收文件的測試目的是什麼？','2026-04-18T17:08:28.852Z','2026-04-18T17:08:28.852Z',NULL);
INSERT INTO "conversations" ("id","user_profile_id","access_level","title","created_at","updated_at","deleted_at") VALUES('0be94d52-54b1-47bd-b1b4-2bb99fe64085','dh9UCNGLmzRlSMXenEFmNvOMknwDx4XA','internal','AutoRAG 驗收文件的測試目的是什麼？','2026-04-18T17:16:16.310Z','2026-04-18T17:16:16.310Z',NULL);
INSERT INTO "conversations" ("id","user_profile_id","access_level","title","created_at","updated_at","deleted_at") VALUES('8cb08377-e00e-4a36-975d-e486d3777cae','dh9UCNGLmzRlSMXenEFmNvOMknwDx4XA','internal','採購流程的步驟是什麼','2026-04-19T06:27:34.316Z','2026-04-19T06:27:34.316Z',NULL);
INSERT INTO "conversations" ("id","user_profile_id","access_level","title","created_at","updated_at","deleted_at") VALUES('d47c794a-4bce-4102-9235-55b7c2bb6fdf','dh9UCNGLmzRlSMXenEFmNvOMknwDx4XA','internal','採購流程的步驟是什麼？','2026-04-19T06:35:11.228Z','2026-04-19T06:35:11.228Z',NULL);
INSERT INTO "conversations" ("id","user_profile_id","access_level","title","created_at","updated_at","deleted_at") VALUES('2f197bbf-92c9-4141-a61c-c6bba4d190b8','dh9UCNGLmzRlSMXenEFmNvOMknwDx4XA','internal','採購流程的步驟是什麼？','2026-04-19T06:36:06.882Z','2026-04-19T06:36:06.882Z',NULL);
INSERT INTO "conversations" ("id","user_profile_id","access_level","title","created_at","updated_at","deleted_at") VALUES('22ba523a-000c-4760-a4fa-1ccf430e9dde','dh9UCNGLmzRlSMXenEFmNvOMknwDx4XA','internal','採購流程的步驟是什麼？','2026-04-19T06:36:24.621Z','2026-04-19T06:36:24.621Z',NULL);
INSERT INTO "conversations" ("id","user_profile_id","access_level","title","created_at","updated_at","deleted_at") VALUES('0b330d74-66e9-405b-a38e-7250ef690403','dh9UCNGLmzRlSMXenEFmNvOMknwDx4XA','internal','[BLOCKED:credit_card]','2026-04-19T15:54:43.882Z','2026-04-19T15:54:43.882Z',NULL);
INSERT INTO "conversations" ("id","user_profile_id","access_level","title","created_at","updated_at","deleted_at") VALUES('1dff2459-707a-4f1a-a381-ae10ebaa5d4e','dh9UCNGLmzRlSMXenEFmNvOMknwDx4XA','internal','[BLOCKED:credential]','2026-04-19T15:56:26.667Z','2026-04-19T15:56:26.667Z',NULL);
INSERT INTO "conversations" ("id","user_profile_id","access_level","title","created_at","updated_at","deleted_at") VALUES('2ec40b32-c98c-4387-8b90-2b81ced933e0','dh9UCNGLmzRlSMXenEFmNvOMknwDx4XA','internal','介紹一下你能做什麼','2026-04-20T11:47:20.904Z','2026-04-20T11:47:20.904Z',NULL);
INSERT INTO "conversations" ("id","user_profile_id","access_level","title","created_at","updated_at","deleted_at") VALUES('4bad7d01-2223-4f84-b8ff-1d0e56fa1a19','dh9UCNGLmzRlSMXenEFmNvOMknwDx4XA','internal','介紹一下你能做什麼','2026-04-20T11:47:48.208Z','2026-04-20T11:47:48.208Z',NULL);
INSERT INTO "conversations" ("id","user_profile_id","access_level","title","created_at","updated_at","deleted_at") VALUES('4f1126de-73a1-48b6-ad15-b259b781d261','dh9UCNGLmzRlSMXenEFmNvOMknwDx4XA','internal','介紹一下你能做什麼','2026-04-20T11:52:49.288Z','2026-04-20T11:52:49.288Z',NULL);
INSERT INTO "conversations" ("id","user_profile_id","access_level","title","created_at","updated_at","deleted_at") VALUES('baca5ae7-c687-45c0-bdec-7e3745b45706','dh9UCNGLmzRlSMXenEFmNvOMknwDx4XA','internal','介紹一下你能做什麼','2026-04-20T11:52:56.719Z','2026-04-20T11:52:56.719Z',NULL);
INSERT INTO "conversations" ("id","user_profile_id","access_level","title","created_at","updated_at","deleted_at") VALUES('e8adf796-3d64-42e0-98b7-158a5e647542','dh9UCNGLmzRlSMXenEFmNvOMknwDx4XA','internal','說明採購流程','2026-04-20T11:54:18.635Z','2026-04-20T11:54:18.635Z',NULL);
INSERT INTO "conversations" ("id","user_profile_id","access_level","title","created_at","updated_at","deleted_at") VALUES('4fdf5e34-935c-4968-b0f2-a873a61dc866','dh9UCNGLmzRlSMXenEFmNvOMknwDx4XA','internal','test','2026-04-20T12:03:10.256Z','2026-04-20T12:03:10.256Z',NULL);
INSERT INTO "conversations" ("id","user_profile_id","access_level","title","created_at","updated_at","deleted_at") VALUES('51c55a15-8f88-4df7-b568-1b5c13850222','dh9UCNGLmzRlSMXenEFmNvOMknwDx4XA','internal','採購流程','2026-04-20T12:03:28.869Z','2026-04-20T12:03:28.869Z',NULL);
INSERT INTO "conversations" ("id","user_profile_id","access_level","title","created_at","updated_at","deleted_at") VALUES('00319545-b94b-4e16-8a0a-428b4cab4b29','dh9UCNGLmzRlSMXenEFmNvOMknwDx4XA','internal','採購流程','2026-04-20T12:03:50.971Z','2026-04-20T12:03:50.971Z',NULL);
CREATE TABLE IF NOT EXISTS "verification" (
  id TEXT PRIMARY KEY,
  identifier TEXT NOT NULL,
  value TEXT NOT NULL,
  expiresAt TEXT NOT NULL,
  createdAt TEXT NOT NULL DEFAULT CURRENT_TIMESTAMP,
  updatedAt TEXT NOT NULL DEFAULT CURRENT_TIMESTAMP
);
CREATE TABLE d1_migrations(
		id         INTEGER PRIMARY KEY AUTOINCREMENT,
		name       TEXT UNIQUE,
		applied_at TIMESTAMP DEFAULT CURRENT_TIMESTAMP NOT NULL
);
INSERT INTO "d1_migrations" ("id","name","applied_at") VALUES(1,'0001_bootstrap_v1_core.sql','2026-04-16 20:11:49');
INSERT INTO "d1_migrations" ("id","name","applied_at") VALUES(2,'0002_add_admin_plugin_columns.sql','2026-04-16 20:11:49');
INSERT INTO "d1_migrations" ("id","name","applied_at") VALUES(3,'0003_conversation_lifecycle.sql','2026-04-18 14:21:50');
INSERT INTO "d1_migrations" ("id","name","applied_at") VALUES(4,'0004_content_text_purge.sql','2026-04-18 14:21:50');
INSERT INTO "d1_migrations" ("id","name","applied_at") VALUES(5,'0005_query_logs_observability_fields.sql','2026-04-19 15:20:36');
INSERT INTO "d1_migrations" ("id","name","applied_at") VALUES(6,'0006_three_tier_role_and_settings.sql','2026-04-19 15:20:36');
INSERT INTO "d1_migrations" ("id","name","applied_at") VALUES(7,'0007_better_auth_timestamp_affinity.sql','2026-04-19 17:36:49');
INSERT INTO "d1_migrations" ("id","name","applied_at") VALUES(8,'0008_mcp_tokens_creator_not_null.sql','2026-04-20 15:02:53');
INSERT INTO "d1_migrations" ("id","name","applied_at") VALUES(9,'0009_passkey_and_display_name.sql','2026-04-21 08:20:17');
CREATE TABLE system_settings (
  key TEXT PRIMARY KEY,
  value TEXT NOT NULL,
  updated_at TEXT NOT NULL DEFAULT CURRENT_TIMESTAMP,
  updated_by TEXT NOT NULL
);
INSERT INTO "system_settings" ("key","value","updated_at","updated_by") VALUES('guest_policy','no_access','2026-04-20 05:48:12','db-direct');
CREATE TABLE IF NOT EXISTS "user" (
  id TEXT PRIMARY KEY,
  name TEXT NOT NULL,
  email TEXT,
  emailVerified INTEGER NOT NULL DEFAULT 0,
  image TEXT,
  createdAt INTEGER NOT NULL DEFAULT (cast(unixepoch('subsecond') * 1000 as integer)),
  updatedAt INTEGER NOT NULL DEFAULT (cast(unixepoch('subsecond') * 1000 as integer)),
  role TEXT NOT NULL DEFAULT 'user',
  banned INTEGER NOT NULL DEFAULT 0,
  banReason TEXT,
  banExpires INTEGER,
  display_name TEXT NOT NULL
);
INSERT INTO "user" ("id","name","email","emailVerified","image","createdAt","updatedAt","role","banned","banReason","banExpires","display_name") VALUES('7EqpLmB6wg5FlHVEskxWjqPDf3ESURNj','Charles Yang','abcd854884@gmail.com',1,'https://lh3.googleusercontent.com/a/ACg8ocLvYjMK3r-pUx2at6Ms0xb21J1EYAsptETnGcgnEq7yt6gbr2CP=s96-c',1776476837775,1776615880184,'member',0,NULL,NULL,'Charles Yang');
INSERT INTO "user" ("id","name","email","emailVerified","image","createdAt","updatedAt","role","banned","banReason","banExpires","display_name") VALUES('dh9UCNGLmzRlSMXenEFmNvOMknwDx4XA','Charles Yang (楊鈞元)','charles.yudefine@gmail.com',1,'https://lh3.googleusercontent.com/a/ACg8ocJFTfhHKjBcwbOx-dkGNu15l4wA4L71zFUuT558mrrSVxddJrQ=s96-c',1776332449872,1776476402391,'admin',0,NULL,NULL,'Charles Yang (楊鈞元)');
CREATE TABLE IF NOT EXISTS "account" (
  id TEXT PRIMARY KEY,
  userId TEXT NOT NULL REFERENCES "user"(id) ON DELETE CASCADE,
  accountId TEXT NOT NULL,
  providerId TEXT NOT NULL,
  accessToken TEXT,
  refreshToken TEXT,
  accessTokenExpiresAt INTEGER,
  refreshTokenExpiresAt INTEGER,
  scope TEXT,
  password TEXT,
  idToken TEXT,
  createdAt INTEGER NOT NULL DEFAULT (cast(unixepoch('subsecond') * 1000 as integer)),
  updatedAt INTEGER NOT NULL DEFAULT (cast(unixepoch('subsecond') * 1000 as integer))
);
INSERT INTO "account" ("id","userId","accountId","providerId","accessToken","refreshToken","accessTokenExpiresAt","refreshTokenExpiresAt","scope","password","idToken","createdAt","updatedAt") VALUES('2o8xLxCyQ9hh6M3hRRPvAr49nwnbrlEH','dh9UCNGLmzRlSMXenEFmNvOMknwDx4XA','116969942927082302110','google','ya29.a0Aa7MYiofhdpVHffjfY9KfTpjAiaESWcHoYf7pK7fvo077BINi1y9MqG-HtTtSRvKBle8fEzv6Uz655cSxRIV_jWEuS9VxhZYKMyL-1NkM_-SvP_-C9R1_3pXKI73CsqKOLxIT9heWLRJ8uasTP2pFVuTTMmsmEROlu76L3eVf4EynVOSGpC-BTtkZqOkARnBHzPS8Wa6_1vQTccUVqRlCIrnmD4DQRfjHwL3WnsCNh1gq9y_ewIdAUcqxDQbkOiRhC8if7-5IY70D-vJLQRr34_G07h2aCgYKATYSARUSFQHGX2MiCPkdL59NikvGtCPOgEbggw0291',NULL,1776619384472,NULL,'https://www.googleapis.com/auth/userinfo.email,https://www.googleapis.com/auth/userinfo.profile,openid',NULL,'eyJhbGciOiJSUzI1NiIsImtpZCI6IjY0NzAxNGY5YTRhNGNiYmI2ZTlhYTFmOWUzMGVlNmNjNzBkYTc0MmEiLCJ0eXAiOiJKV1QifQ.eyJpc3MiOiJodHRwczovL2FjY291bnRzLmdvb2dsZS5jb20iLCJhenAiOiI1MTg0ODM5MDgyMDYtOXI5dmE4ZDlnMG9udXZoNmxzMWNrdG05bWVxN2NnOGIuYXBwcy5nb29nbGV1c2VyY29udGVudC5jb20iLCJhdWQiOiI1MTg0ODM5MDgyMDYtOXI5dmE4ZDlnMG9udXZoNmxzMWNrdG05bWVxN2NnOGIuYXBwcy5nb29nbGV1c2VyY29udGVudC5jb20iLCJzdWIiOiIxMTY5Njk5NDI5MjcwODIzMDIxMTAiLCJlbWFpbCI6ImNoYXJsZXMueXVkZWZpbmVAZ21haWwuY29tIiwiZW1haWxfdmVyaWZpZWQiOnRydWUsImF0X2hhc2giOiJUYVY0bV9BZGhCbGNncDBJNG9oVUJBIiwibmFtZSI6IkNoYXJsZXMgWWFuZyAo5qWK6Yie5YWDKSIsInBpY3R1cmUiOiJodHRwczovL2xoMy5nb29nbGV1c2VyY29udGVudC5jb20vYS9BQ2c4b2NKRlRmaEhLakJjd2JPeC1ka0dOdTE1bDR3QTRMNzF6RlV1VDU1OG1yclNWeGRkSnJRPXM5Ni1jIiwiZ2l2ZW5fbmFtZSI6IkNoYXJsZXMiLCJmYW1pbHlfbmFtZSI6IllhbmciLCJpYXQiOjE3NzY2MTU3ODYsImV4cCI6MTc3NjYxOTM4Nn0.S3ZZVFuffNr4Io7IesYR0CotLW8WjoHCEUPk2pFxiB3MmrlkHh2H4FO7x-7IsBucCgwtYbtEzro-DcYbszIECw5uvDVrR0KWBMVIyTGX7gjHK9Dz_xYVqO0y44yXyVQb32KvMnbEeeqOgLkhKxqm8wPrOdHJtCepKd6G18Hx-Xf39iWRocSysYGkZwvSQzuBFcwLYVA_hLZmUC5onGQnP-cHHkBIg-nYsfQFcOfxRg0Doa1quyfPikNBzG3CKk2tUSwzLtDTt0siNFblMYtCfmRhCtHBnkNvNI_iNh24lC-XJqK3euY3FR3NxDveFPY17kWSL45TWGdtOxXlXXp78g',1776332449937,1776615787142);
INSERT INTO "account" ("id","userId","accountId","providerId","accessToken","refreshToken","accessTokenExpiresAt","refreshTokenExpiresAt","scope","password","idToken","createdAt","updatedAt") VALUES('rGd4KJMMk0eLBf9o9HLGM8NHhZ9tZUG1','7EqpLmB6wg5FlHVEskxWjqPDf3ESURNj','111314101323962926883','google','ya29.a0Aa7MYirMUVwlMvJX5EBU1q_XJx21ImISDtYeFXnNx5UbEx9lH1gKXGLbQFWsOKGX1jruPxSBBr-hgivE3jfDNP54Hl4Q8_PYJCr20lU1wTtQHsk7MbUxoSAJIIB8cfRukRyNr1zAgchzDyuGpKWODAk07R6aSh2GbbkoEiuIhk37DwW-nzZc6HY3RoHqtZ3J0frbFmLVG6E-1CNR4f6Ttz9FC49HIkMYtmFylj86MVi6rfu7gqx8Si7uYjuwjIcLbMSrhfqC6KJ08WnP8AhQHvwUu4traCgYKAdsSARMSFQHGX2MinFZYeD_oSNF0xEgg7Yhd6g0291',NULL,1776480435066,NULL,'https://www.googleapis.com/auth/userinfo.email,openid,https://www.googleapis.com/auth/userinfo.profile',NULL,'eyJhbGciOiJSUzI1NiIsImtpZCI6IjY0NzAxNGY5YTRhNGNiYmI2ZTlhYTFmOWUzMGVlNmNjNzBkYTc0MmEiLCJ0eXAiOiJKV1QifQ.eyJpc3MiOiJodHRwczovL2FjY291bnRzLmdvb2dsZS5jb20iLCJhenAiOiI1MTg0ODM5MDgyMDYtOXI5dmE4ZDlnMG9udXZoNmxzMWNrdG05bWVxN2NnOGIuYXBwcy5nb29nbGV1c2VyY29udGVudC5jb20iLCJhdWQiOiI1MTg0ODM5MDgyMDYtOXI5dmE4ZDlnMG9udXZoNmxzMWNrdG05bWVxN2NnOGIuYXBwcy5nb29nbGV1c2VyY29udGVudC5jb20iLCJzdWIiOiIxMTEzMTQxMDEzMjM5NjI5MjY4ODMiLCJlbWFpbCI6ImFiY2Q4NTQ4ODRAZ21haWwuY29tIiwiZW1haWxfdmVyaWZpZWQiOnRydWUsImF0X2hhc2giOiJuWmtOaEJFRlBiOTJiNG9SeV9FeU9RIiwibmFtZSI6IkNoYXJsZXMgWWFuZyIsInBpY3R1cmUiOiJodHRwczovL2xoMy5nb29nbGV1c2VyY29udGVudC5jb20vYS9BQ2c4b2NMdllqTUszci1wVXgyYXQ2TXMweGIyMUoxRVlBc3B0RVRuR2NnbkVxN3l0NmdicjJDUD1zOTYtYyIsImdpdmVuX25hbWUiOiJDaGFybGVzIiwiZmFtaWx5X25hbWUiOiJZYW5nIiwiaWF0IjoxNzc2NDc2ODM3LCJleHAiOjE3NzY0ODA0Mzd9.GnDe4GMDRdWlojVQcIDbN_43FF7t3b1fFPNTur9S4qfIGeiwcra0snllwWJ4qePDn1dNCWsLNWC32a1Iyp2C8iNjlbUf0ipRg2AdAl6WwV28QyH3_M-kFmQtAPbprmTXH2BQ0LqrYzZeojRXHJXShF1efwkaKfgrMlKIrjh5qjhrc6hC2-WsEHnp4z97g06OAUhzVNg7m_62zbtqgEt-VWjKLSRTB6sPPlCoVARxGS7MGz-AlDSuHAQLA-I-yBCoanGoCRBJML_v96W4O5PU79zrAt48hg43SHydFy0Z94zFWR_3hlYyyPSZXUymCi1BIFWrdKcXq5fTKEhVxo7AHw',1776476837947,1776476837947);
CREATE TABLE IF NOT EXISTS "session" (
  id TEXT PRIMARY KEY,
  userId TEXT NOT NULL REFERENCES "user"(id) ON DELETE CASCADE,
  token TEXT NOT NULL UNIQUE,
  expiresAt TEXT NOT NULL,
  ipAddress TEXT,
  userAgent TEXT,
  createdAt TEXT NOT NULL DEFAULT CURRENT_TIMESTAMP,
  updatedAt TEXT NOT NULL DEFAULT CURRENT_TIMESTAMP
);
INSERT INTO "session" ("id","userId","token","expiresAt","ipAddress","userAgent","createdAt","updatedAt") VALUES('qAIp6gblBuoIHn7mO6AWrx3fZsLcGjM9','dh9UCNGLmzRlSMXenEFmNvOMknwDx4XA','CnBrrnf8AMjijsrulHbZLOrMFsD9vb0W','1776937250007.0','','Mozilla/5.0 (Windows NT 10.0; Win64; x64) AppleWebKit/537.36 (KHTML, like Gecko) Chrome/147.0.0.0 Safari/537.36 Edg/147.0.0.0','1776332450007.0','1776332450007.0');
INSERT INTO "session" ("id","userId","token","expiresAt","ipAddress","userAgent","createdAt","updatedAt") VALUES('tJ2wljXpEgSZKgmFFphsFevLv55rEDs4','dh9UCNGLmzRlSMXenEFmNvOMknwDx4XA','e2yWzFnoMFKSigyobTaiLjZitKgnjFZG','1776951237313.0','','Mozilla/5.0 (Windows NT 10.0; Win64; x64) AppleWebKit/537.36 (KHTML, like Gecko) Chrome/147.0.0.0 Safari/537.36 Edg/147.0.0.0','1776346437313.0','1776346437313.0');
CREATE TABLE IF NOT EXISTS "mcp_tokens" (
  id TEXT PRIMARY KEY,
  token_hash TEXT NOT NULL UNIQUE,
  name TEXT NOT NULL,
  scopes_json TEXT NOT NULL DEFAULT '[]',
  environment TEXT NOT NULL CHECK (environment IN ('local', 'staging', 'production')),
  status TEXT NOT NULL DEFAULT 'active' CHECK (status IN ('active', 'revoked', 'expired')),
  expires_at TEXT,
  last_used_at TEXT,
  revoked_at TEXT,
  revoked_reason TEXT,
  created_at TEXT NOT NULL DEFAULT CURRENT_TIMESTAMP,
  created_by_user_id TEXT NOT NULL REFERENCES "user"(id)
);
INSERT INTO "mcp_tokens" ("id","token_hash","name","scopes_json","environment","status","expires_at","last_used_at","revoked_at","revoked_reason","created_at","created_by_user_id") VALUES('27696808-df8c-473b-b2c3-444cf01617c2','041cd6d7b1151f207014e0b4d5a270fb4ecf96ceb33407cd56c10979f01946ce','Test Full','["knowledge.search","knowledge.ask","knowledge.citation.read","knowledge.category.list","knowledge.restricted.read"]','production','active',NULL,'2026-04-18T17:50:03.064Z',NULL,NULL,'2026-04-18 17:43:55','dh9UCNGLmzRlSMXenEFmNvOMknwDx4XA');
INSERT INTO "mcp_tokens" ("id","token_hash","name","scopes_json","environment","status","expires_at","last_used_at","revoked_at","revoked_reason","created_at","created_by_user_id") VALUES('64b2c3aa-2b64-4513-8f61-71667bc5e0c3','b7fc0d8caf5a747529b99f7dbbda190aef0ee0461508742e46f7a7360d6948ff','Test Limited','["knowledge.search","knowledge.ask","knowledge.citation.read","knowledge.category.list"]','production','active',NULL,'2026-04-18T17:50:43.483Z',NULL,NULL,'2026-04-18 17:43:55','dh9UCNGLmzRlSMXenEFmNvOMknwDx4XA');
INSERT INTO "mcp_tokens" ("id","token_hash","name","scopes_json","environment","status","expires_at","last_used_at","revoked_at","revoked_reason","created_at","created_by_user_id") VALUES('faed0387-e1c9-4dfe-9714-930704e03c0f','6794eb7ac85b7bdb1b0e8c405711770e93de7b1b0a8ac4747e3c31ae7c97fa66','test-8.1-non-restricted','["knowledge.ask","knowledge.search","knowledge.citation.read","knowledge.category.list"]','production','active',NULL,'2026-04-19T15:47:47.435Z',NULL,NULL,'2026-04-19T15:31:16.981Z','dh9UCNGLmzRlSMXenEFmNvOMknwDx4XA');
CREATE TABLE IF NOT EXISTS "query_logs" (
  id TEXT PRIMARY KEY,
  channel TEXT NOT NULL CHECK (channel IN ('web', 'mcp')),
  user_profile_id TEXT REFERENCES user_profiles(id),
  mcp_token_id TEXT REFERENCES "mcp_tokens"(id),
  environment TEXT NOT NULL CHECK (environment IN ('local', 'staging', 'production')),
  query_redacted_text TEXT NOT NULL,
  risk_flags_json TEXT NOT NULL DEFAULT '[]',
  allowed_access_levels_json TEXT NOT NULL DEFAULT '["internal"]',
  redaction_applied INTEGER NOT NULL DEFAULT 0 CHECK (redaction_applied IN (0, 1)),
  config_snapshot_version TEXT NOT NULL DEFAULT 'v1',
  status TEXT NOT NULL DEFAULT 'accepted' CHECK (status IN ('accepted', 'blocked', 'rejected', 'limited')),
  created_at TEXT NOT NULL DEFAULT CURRENT_TIMESTAMP,
  first_token_latency_ms INTEGER,
  completion_latency_ms INTEGER,
  retrieval_score REAL,
  judge_score REAL,
  decision_path TEXT,
  refusal_reason TEXT
);
INSERT INTO "query_logs" ("id","channel","user_profile_id","mcp_token_id","environment","query_redacted_text","risk_flags_json","allowed_access_levels_json","redaction_applied","config_snapshot_version","status","created_at","first_token_latency_ms","completion_latency_ms","retrieval_score","judge_score","decision_path","refusal_reason") VALUES('5d3f9864-7ab8-4506-bfd5-96920d3f244b','web','dh9UCNGLmzRlSMXenEFmNvOMknwDx4XA',NULL,'production','test','[]','["internal","restricted"]',0,'kgov-v1;env=production;retrieval.maxResults=8;retrieval.minScore=0.2;thresholds.directAnswerMin=0.7;thresholds.judgeMin=0.45;thresholds.answerMin=0.55;execution.maxSelfCorrectionRetry=1;models.defaultAnswer=defaultAnswer;models.agentJudge=agentJudge;features.passkey=off;features.mcpSession=off;features.cloudFallback=off;features.adminDashboard=off','accepted','2026-04-18T02:26:28.257Z',NULL,NULL,NULL,NULL,NULL,NULL);
INSERT INTO "query_logs" ("id","channel","user_profile_id","mcp_token_id","environment","query_redacted_text","risk_flags_json","allowed_access_levels_json","redaction_applied","config_snapshot_version","status","created_at","first_token_latency_ms","completion_latency_ms","retrieval_score","judge_score","decision_path","refusal_reason") VALUES('50c8775b-2b3a-4e90-97d0-35cf0e03f0f2','web','dh9UCNGLmzRlSMXenEFmNvOMknwDx4XA',NULL,'production','test','[]','["internal","restricted"]',0,'kgov-v1;env=production;retrieval.maxResults=8;retrieval.minScore=0.2;thresholds.directAnswerMin=0.7;thresholds.judgeMin=0.45;thresholds.answerMin=0.55;execution.maxSelfCorrectionRetry=1;models.defaultAnswer=defaultAnswer;models.agentJudge=agentJudge;features.passkey=off;features.mcpSession=off;features.cloudFallback=off;features.adminDashboard=off','accepted','2026-04-18T02:28:49.105Z',NULL,NULL,NULL,NULL,NULL,NULL);
INSERT INTO "query_logs" ("id","channel","user_profile_id","mcp_token_id","environment","query_redacted_text","risk_flags_json","allowed_access_levels_json","redaction_applied","config_snapshot_version","status","created_at","first_token_latency_ms","completion_latency_ms","retrieval_score","judge_score","decision_path","refusal_reason") VALUES('70e02cfb-d2f2-4bed-bf34-3039970a0123','web','dh9UCNGLmzRlSMXenEFmNvOMknwDx4XA',NULL,'production','OK','[]','["internal","restricted"]',0,'kgov-v1;env=production;retrieval.maxResults=8;retrieval.minScore=0.2;thresholds.directAnswerMin=0.7;thresholds.judgeMin=0.45;thresholds.answerMin=0.55;execution.maxSelfCorrectionRetry=1;models.defaultAnswer=defaultAnswer;models.agentJudge=agentJudge;features.passkey=off;features.mcpSession=off;features.cloudFallback=off;features.adminDashboard=off','accepted','2026-04-18T02:35:31.685Z',NULL,NULL,NULL,NULL,NULL,NULL);
INSERT INTO "query_logs" ("id","channel","user_profile_id","mcp_token_id","environment","query_redacted_text","risk_flags_json","allowed_access_levels_json","redaction_applied","config_snapshot_version","status","created_at","first_token_latency_ms","completion_latency_ms","retrieval_score","judge_score","decision_path","refusal_reason") VALUES('ac556d55-26ba-40c2-a4a7-789f60b08048','web','dh9UCNGLmzRlSMXenEFmNvOMknwDx4XA',NULL,'production','OK','[]','["internal","restricted"]',0,'kgov-v1;env=production;retrieval.maxResults=8;retrieval.minScore=0.2;thresholds.directAnswerMin=0.7;thresholds.judgeMin=0.45;thresholds.answerMin=0.55;execution.maxSelfCorrectionRetry=1;models.defaultAnswer=defaultAnswer;models.agentJudge=agentJudge;features.passkey=off;features.mcpSession=off;features.cloudFallback=off;features.adminDashboard=off','accepted','2026-04-18T02:42:22.059Z',NULL,NULL,NULL,NULL,NULL,NULL);
INSERT INTO "query_logs" ("id","channel","user_profile_id","mcp_token_id","environment","query_redacted_text","risk_flags_json","allowed_access_levels_json","redaction_applied","config_snapshot_version","status","created_at","first_token_latency_ms","completion_latency_ms","retrieval_score","judge_score","decision_path","refusal_reason") VALUES('1b097220-dd9b-4626-804f-c15ef64ba292','web','dh9UCNGLmzRlSMXenEFmNvOMknwDx4XA',NULL,'production','採購金額 30 萬元需要誰簽核？','[]','["internal","restricted"]',0,'kgov-v1;env=production;retrieval.maxResults=8;retrieval.minScore=0.2;thresholds.directAnswerMin=0.7;thresholds.judgeMin=0.45;thresholds.answerMin=0.55;execution.maxSelfCorrectionRetry=1;models.defaultAnswer=defaultAnswer;models.agentJudge=agentJudge;features.passkey=off;features.mcpSession=off;features.cloudFallback=off;features.adminDashboard=off','accepted','2026-04-18T05:36:24.217Z',NULL,NULL,NULL,NULL,NULL,NULL);
INSERT INTO "query_logs" ("id","channel","user_profile_id","mcp_token_id","environment","query_redacted_text","risk_flags_json","allowed_access_levels_json","redaction_applied","config_snapshot_version","status","created_at","first_token_latency_ms","completion_latency_ms","retrieval_score","judge_score","decision_path","refusal_reason") VALUES('8c38cd69-1a9f-4860-a433-5ce8bb4f2a5e','web','dh9UCNGLmzRlSMXenEFmNvOMknwDx4XA',NULL,'production','採購金額 30 萬元需要誰簽核？','[]','["internal","restricted"]',0,'kgov-v1;env=production;retrieval.maxResults=8;retrieval.minScore=0.2;thresholds.directAnswerMin=0.7;thresholds.judgeMin=0.45;thresholds.answerMin=0.55;execution.maxSelfCorrectionRetry=1;models.defaultAnswer=defaultAnswer;models.agentJudge=agentJudge;features.passkey=off;features.mcpSession=off;features.cloudFallback=off;features.adminDashboard=off','accepted','2026-04-18T05:36:34.044Z',NULL,NULL,NULL,NULL,NULL,NULL);
INSERT INTO "query_logs" ("id","channel","user_profile_id","mcp_token_id","environment","query_redacted_text","risk_flags_json","allowed_access_levels_json","redaction_applied","config_snapshot_version","status","created_at","first_token_latency_ms","completion_latency_ms","retrieval_score","judge_score","decision_path","refusal_reason") VALUES('66b1d9fe-4952-4591-8441-5340ad1fb0b6','web','dh9UCNGLmzRlSMXenEFmNvOMknwDx4XA',NULL,'production','這個系統用什麼做語意搜尋？','[]','["internal","restricted"]',0,'kgov-v1;env=production;retrieval.maxResults=8;retrieval.minScore=0.2;thresholds.directAnswerMin=0.7;thresholds.judgeMin=0.45;thresholds.answerMin=0.55;execution.maxSelfCorrectionRetry=1;models.defaultAnswer=defaultAnswer;models.agentJudge=agentJudge;features.passkey=off;features.mcpSession=off;features.cloudFallback=off;features.adminDashboard=off','accepted','2026-04-18T05:39:11.775Z',NULL,NULL,NULL,NULL,NULL,NULL);
INSERT INTO "query_logs" ("id","channel","user_profile_id","mcp_token_id","environment","query_redacted_text","risk_flags_json","allowed_access_levels_json","redaction_applied","config_snapshot_version","status","created_at","first_token_latency_ms","completion_latency_ms","retrieval_score","judge_score","decision_path","refusal_reason") VALUES('5c602c67-5e85-49d9-8f4f-3bc5e496dd7d','web','dh9UCNGLmzRlSMXenEFmNvOMknwDx4XA',NULL,'production','如何申請報帳？','[]','["internal","restricted"]',0,'kgov-v1;env=production;retrieval.maxResults=8;retrieval.minScore=0.2;thresholds.directAnswerMin=0.7;thresholds.judgeMin=0.45;thresholds.answerMin=0.55;execution.maxSelfCorrectionRetry=1;models.defaultAnswer=defaultAnswer;models.agentJudge=agentJudge;features.passkey=off;features.mcpSession=off;features.cloudFallback=off;features.adminDashboard=off','accepted','2026-04-18T12:46:33.248Z',NULL,NULL,NULL,NULL,NULL,NULL);
INSERT INTO "query_logs" ("id","channel","user_profile_id","mcp_token_id","environment","query_redacted_text","risk_flags_json","allowed_access_levels_json","redaction_applied","config_snapshot_version","status","created_at","first_token_latency_ms","completion_latency_ms","retrieval_score","judge_score","decision_path","refusal_reason") VALUES('8b03991e-0397-4b68-98ab-04fd9192899f','web','dh9UCNGLmzRlSMXenEFmNvOMknwDx4XA',NULL,'production','AutoRAG 驗收文件的測試目的是什麼？','[]','["internal","restricted"]',0,'kgov-v1;env=production;retrieval.maxResults=8;retrieval.minScore=0.2;thresholds.directAnswerMin=0.7;thresholds.judgeMin=0.45;thresholds.answerMin=0.55;execution.maxSelfCorrectionRetry=1;models.defaultAnswer=defaultAnswer;models.agentJudge=agentJudge;features.passkey=off;features.mcpSession=off;features.cloudFallback=off;features.adminDashboard=off','accepted','2026-04-18T13:00:32.577Z',NULL,NULL,NULL,NULL,NULL,NULL);
INSERT INTO "query_logs" ("id","channel","user_profile_id","mcp_token_id","environment","query_redacted_text","risk_flags_json","allowed_access_levels_json","redaction_applied","config_snapshot_version","status","created_at","first_token_latency_ms","completion_latency_ms","retrieval_score","judge_score","decision_path","refusal_reason") VALUES('15b0a009-f8e0-4461-97df-344e60faf917','web','dh9UCNGLmzRlSMXenEFmNvOMknwDx4XA',NULL,'production','AutoRAG 驗收文件的測試目的是什麼？','[]','["internal","restricted"]',0,'kgov-v1;env=production;retrieval.maxResults=8;retrieval.minScore=0.2;thresholds.directAnswerMin=0.7;thresholds.judgeMin=0.45;thresholds.answerMin=0.55;execution.maxSelfCorrectionRetry=1;models.defaultAnswer=defaultAnswer;models.agentJudge=agentJudge;features.passkey=off;features.mcpSession=off;features.cloudFallback=off;features.adminDashboard=off','accepted','2026-04-18T14:22:47.323Z',NULL,NULL,NULL,NULL,NULL,NULL);
INSERT INTO "query_logs" ("id","channel","user_profile_id","mcp_token_id","environment","query_redacted_text","risk_flags_json","allowed_access_levels_json","redaction_applied","config_snapshot_version","status","created_at","first_token_latency_ms","completion_latency_ms","retrieval_score","judge_score","decision_path","refusal_reason") VALUES('6e9be250-24a0-463a-968a-ff6c4f9f3537','web','dh9UCNGLmzRlSMXenEFmNvOMknwDx4XA',NULL,'production','AutoRAG 驗收文件的測試目的是什麼？','[]','["internal","restricted"]',0,'kgov-v1;env=production;retrieval.maxResults=8;retrieval.minScore=0.2;thresholds.directAnswerMin=0.7;thresholds.judgeMin=0.45;thresholds.answerMin=0.55;execution.maxSelfCorrectionRetry=1;models.defaultAnswer=defaultAnswer;models.agentJudge=agentJudge;features.passkey=off;features.mcpSession=off;features.cloudFallback=off;features.adminDashboard=off','accepted','2026-04-18T15:35:45.532Z',NULL,NULL,NULL,NULL,NULL,NULL);
INSERT INTO "query_logs" ("id","channel","user_profile_id","mcp_token_id","environment","query_redacted_text","risk_flags_json","allowed_access_levels_json","redaction_applied","config_snapshot_version","status","created_at","first_token_latency_ms","completion_latency_ms","retrieval_score","judge_score","decision_path","refusal_reason") VALUES('91915582-c464-4feb-a736-a0d23c2724c4','web','dh9UCNGLmzRlSMXenEFmNvOMknwDx4XA',NULL,'production',replace('{\n  "error": true,\n  "url": "https://agentic.yudefine.com.tw/api/chat",\n  "statusCode": 403,\n  "statusMessage": "CSRF Token Mismatch",\n  "message": "CSRF Token invalid"\n}','\n',char(10)),'[]','["internal","restricted"]',0,'kgov-v1;env=production;retrieval.maxResults=8;retrieval.minScore=0.2;thresholds.directAnswerMin=0.7;thresholds.judgeMin=0.45;thresholds.answerMin=0.55;execution.maxSelfCorrectionRetry=1;models.defaultAnswer=defaultAnswer;models.agentJudge=agentJudge;features.passkey=off;features.mcpSession=off;features.cloudFallback=off;features.adminDashboard=off','accepted','2026-04-18T15:40:02.394Z',NULL,NULL,NULL,NULL,NULL,NULL);
INSERT INTO "query_logs" ("id","channel","user_profile_id","mcp_token_id","environment","query_redacted_text","risk_flags_json","allowed_access_levels_json","redaction_applied","config_snapshot_version","status","created_at","first_token_latency_ms","completion_latency_ms","retrieval_score","judge_score","decision_path","refusal_reason") VALUES('688bce59-2547-4a7a-9f4f-2515f62a190f','web','dh9UCNGLmzRlSMXenEFmNvOMknwDx4XA',NULL,'production','AutoRAG 驗收文件的測試目的是什麼？','[]','["internal","restricted"]',0,'kgov-v1;env=production;retrieval.maxResults=8;retrieval.minScore=0.2;thresholds.directAnswerMin=0.7;thresholds.judgeMin=0.45;thresholds.answerMin=0.55;execution.maxSelfCorrectionRetry=1;models.defaultAnswer=defaultAnswer;models.agentJudge=agentJudge;features.passkey=off;features.mcpSession=off;features.cloudFallback=off;features.adminDashboard=off','accepted','2026-04-18T15:40:09.052Z',NULL,NULL,NULL,NULL,NULL,NULL);
INSERT INTO "query_logs" ("id","channel","user_profile_id","mcp_token_id","environment","query_redacted_text","risk_flags_json","allowed_access_levels_json","redaction_applied","config_snapshot_version","status","created_at","first_token_latency_ms","completion_latency_ms","retrieval_score","judge_score","decision_path","refusal_reason") VALUES('472b70df-9a8d-4051-a64c-f8ef3bf8214f','web','dh9UCNGLmzRlSMXenEFmNvOMknwDx4XA',NULL,'production','AutoRAG 驗收文件的測試目的是什麼？','[]','["internal","restricted"]',0,'kgov-v1;env=production;retrieval.maxResults=8;retrieval.minScore=0.2;thresholds.directAnswerMin=0.7;thresholds.judgeMin=0.45;thresholds.answerMin=0.55;execution.maxSelfCorrectionRetry=1;models.defaultAnswer=defaultAnswer;models.agentJudge=agentJudge;features.passkey=off;features.mcpSession=off;features.cloudFallback=off;features.adminDashboard=off','accepted','2026-04-18T15:41:55.296Z',NULL,NULL,NULL,NULL,NULL,NULL);
INSERT INTO "query_logs" ("id","channel","user_profile_id","mcp_token_id","environment","query_redacted_text","risk_flags_json","allowed_access_levels_json","redaction_applied","config_snapshot_version","status","created_at","first_token_latency_ms","completion_latency_ms","retrieval_score","judge_score","decision_path","refusal_reason") VALUES('9e6ffa91-38d5-4a68-b90f-7aaaa32f514d','web','dh9UCNGLmzRlSMXenEFmNvOMknwDx4XA',NULL,'production','AutoRAG 驗收文件的測試目的是什麼？','[]','["internal","restricted"]',0,'kgov-v1;env=production;retrieval.maxResults=8;retrieval.minScore=0.2;thresholds.directAnswerMin=0.7;thresholds.judgeMin=0.45;thresholds.answerMin=0.55;execution.maxSelfCorrectionRetry=1;models.defaultAnswer=defaultAnswer;models.agentJudge=agentJudge;features.passkey=off;features.mcpSession=off;features.cloudFallback=off;features.adminDashboard=off','accepted','2026-04-18T15:43:00.402Z',NULL,NULL,NULL,NULL,NULL,NULL);
INSERT INTO "query_logs" ("id","channel","user_profile_id","mcp_token_id","environment","query_redacted_text","risk_flags_json","allowed_access_levels_json","redaction_applied","config_snapshot_version","status","created_at","first_token_latency_ms","completion_latency_ms","retrieval_score","judge_score","decision_path","refusal_reason") VALUES('29428ce5-edfd-4040-9969-15c2bc3a9dc2','web','dh9UCNGLmzRlSMXenEFmNvOMknwDx4XA',NULL,'production','AutoRAG 驗收文件的測試目的是什麼？','[]','["internal","restricted"]',0,'kgov-v1;env=production;retrieval.maxResults=8;retrieval.minScore=0.2;thresholds.directAnswerMin=0.7;thresholds.judgeMin=0.45;thresholds.answerMin=0.55;execution.maxSelfCorrectionRetry=1;models.defaultAnswer=defaultAnswer;models.agentJudge=agentJudge;features.passkey=off;features.mcpSession=off;features.cloudFallback=off;features.adminDashboard=off','accepted','2026-04-18T15:44:16.120Z',NULL,NULL,NULL,NULL,NULL,NULL);
INSERT INTO "query_logs" ("id","channel","user_profile_id","mcp_token_id","environment","query_redacted_text","risk_flags_json","allowed_access_levels_json","redaction_applied","config_snapshot_version","status","created_at","first_token_latency_ms","completion_latency_ms","retrieval_score","judge_score","decision_path","refusal_reason") VALUES('7809e82b-09ef-4f70-8b43-a04fa2d7e968','web','dh9UCNGLmzRlSMXenEFmNvOMknwDx4XA',NULL,'production','AutoRAG 驗收文件的測試目的是什麼？','[]','["internal","restricted"]',0,'kgov-v1;env=production;retrieval.maxResults=8;retrieval.minScore=0.2;thresholds.directAnswerMin=0.7;thresholds.judgeMin=0.45;thresholds.answerMin=0.55;execution.maxSelfCorrectionRetry=1;models.defaultAnswer=defaultAnswer;models.agentJudge=agentJudge;features.passkey=off;features.mcpSession=off;features.cloudFallback=off;features.adminDashboard=off','accepted','2026-04-18T15:48:37.001Z',NULL,NULL,NULL,NULL,NULL,NULL);
INSERT INTO "query_logs" ("id","channel","user_profile_id","mcp_token_id","environment","query_redacted_text","risk_flags_json","allowed_access_levels_json","redaction_applied","config_snapshot_version","status","created_at","first_token_latency_ms","completion_latency_ms","retrieval_score","judge_score","decision_path","refusal_reason") VALUES('5860ad4a-b0cc-4878-b27c-8f6da304a23c','web','dh9UCNGLmzRlSMXenEFmNvOMknwDx4XA',NULL,'production','AutoRAG 驗收文件的測試目的是什麼？','[]','["internal","restricted"]',0,'kgov-v1;env=production;retrieval.maxResults=8;retrieval.minScore=0.2;thresholds.directAnswerMin=0.7;thresholds.judgeMin=0.45;thresholds.answerMin=0.55;execution.maxSelfCorrectionRetry=1;models.defaultAnswer=defaultAnswer;models.agentJudge=agentJudge;features.passkey=off;features.mcpSession=off;features.cloudFallback=off;features.adminDashboard=off','accepted','2026-04-18T15:53:05.269Z',NULL,NULL,NULL,NULL,NULL,NULL);
INSERT INTO "query_logs" ("id","channel","user_profile_id","mcp_token_id","environment","query_redacted_text","risk_flags_json","allowed_access_levels_json","redaction_applied","config_snapshot_version","status","created_at","first_token_latency_ms","completion_latency_ms","retrieval_score","judge_score","decision_path","refusal_reason") VALUES('1d139fc1-b52a-45eb-b686-1c67a8b47341','web','dh9UCNGLmzRlSMXenEFmNvOMknwDx4XA',NULL,'production','今天股票哪支漲？','[]','["internal","restricted"]',0,'kgov-v1;env=production;retrieval.maxResults=8;retrieval.minScore=0.2;thresholds.directAnswerMin=0.7;thresholds.judgeMin=0.45;thresholds.answerMin=0.55;execution.maxSelfCorrectionRetry=1;models.defaultAnswer=defaultAnswer;models.agentJudge=agentJudge;features.passkey=off;features.mcpSession=off;features.cloudFallback=off;features.adminDashboard=off','accepted','2026-04-18T15:53:53.841Z',NULL,NULL,NULL,NULL,NULL,NULL);
INSERT INTO "query_logs" ("id","channel","user_profile_id","mcp_token_id","environment","query_redacted_text","risk_flags_json","allowed_access_levels_json","redaction_applied","config_snapshot_version","status","created_at","first_token_latency_ms","completion_latency_ms","retrieval_score","judge_score","decision_path","refusal_reason") VALUES('009cc829-c5ab-479c-b495-6d1384e330be','web','dh9UCNGLmzRlSMXenEFmNvOMknwDx4XA',NULL,'production','紫色長頸鹿做什麼？','[]','["internal","restricted"]',0,'kgov-v1;env=production;retrieval.maxResults=8;retrieval.minScore=0.2;thresholds.directAnswerMin=0.7;thresholds.judgeMin=0.45;thresholds.answerMin=0.55;execution.maxSelfCorrectionRetry=1;models.defaultAnswer=defaultAnswer;models.agentJudge=agentJudge;features.passkey=off;features.mcpSession=off;features.cloudFallback=off;features.adminDashboard=off','accepted','2026-04-18T16:25:14.889Z',NULL,NULL,NULL,NULL,NULL,NULL);
INSERT INTO "query_logs" ("id","channel","user_profile_id","mcp_token_id","environment","query_redacted_text","risk_flags_json","allowed_access_levels_json","redaction_applied","config_snapshot_version","status","created_at","first_token_latency_ms","completion_latency_ms","retrieval_score","judge_score","decision_path","refusal_reason") VALUES('3e3f4612-2611-428b-9956-965058f3dcd6','web','dh9UCNGLmzRlSMXenEFmNvOMknwDx4XA',NULL,'production','AutoRAG 驗收文件的測試目的是什麼？','[]','["internal","restricted"]',0,'kgov-v1;env=production;retrieval.maxResults=8;retrieval.minScore=0.2;thresholds.directAnswerMin=0.7;thresholds.judgeMin=0.45;thresholds.answerMin=0.55;execution.maxSelfCorrectionRetry=1;models.defaultAnswer=defaultAnswer;models.agentJudge=agentJudge;features.passkey=off;features.mcpSession=off;features.cloudFallback=off;features.adminDashboard=off','accepted','2026-04-18T16:40:57.736Z',NULL,NULL,NULL,NULL,NULL,NULL);
INSERT INTO "query_logs" ("id","channel","user_profile_id","mcp_token_id","environment","query_redacted_text","risk_flags_json","allowed_access_levels_json","redaction_applied","config_snapshot_version","status","created_at","first_token_latency_ms","completion_latency_ms","retrieval_score","judge_score","decision_path","refusal_reason") VALUES('1ab08148-44f1-48fc-a5b7-35e97b7858c9','web','dh9UCNGLmzRlSMXenEFmNvOMknwDx4XA',NULL,'production','AutoRAG 驗收文件的測試目的是什麼？','[]','["internal","restricted"]',0,'kgov-v1;env=production;retrieval.maxResults=8;retrieval.minScore=0.2;thresholds.directAnswerMin=0.7;thresholds.judgeMin=0.45;thresholds.answerMin=0.55;execution.maxSelfCorrectionRetry=1;models.defaultAnswer=defaultAnswer;models.agentJudge=agentJudge;features.passkey=off;features.mcpSession=off;features.cloudFallback=off;features.adminDashboard=off','accepted','2026-04-18T17:03:34.623Z',NULL,NULL,NULL,NULL,NULL,NULL);
INSERT INTO "query_logs" ("id","channel","user_profile_id","mcp_token_id","environment","query_redacted_text","risk_flags_json","allowed_access_levels_json","redaction_applied","config_snapshot_version","status","created_at","first_token_latency_ms","completion_latency_ms","retrieval_score","judge_score","decision_path","refusal_reason") VALUES('ca52e267-baed-4afd-9a67-36a720396d92','web','dh9UCNGLmzRlSMXenEFmNvOMknwDx4XA',NULL,'production','AutoRAG 驗收文件的測試目的是什麼？','[]','["internal","restricted"]',0,'kgov-v1;env=production;retrieval.maxResults=8;retrieval.minScore=0.2;thresholds.directAnswerMin=0.7;thresholds.judgeMin=0.45;thresholds.answerMin=0.55;execution.maxSelfCorrectionRetry=1;models.defaultAnswer=defaultAnswer;models.agentJudge=agentJudge;features.passkey=off;features.mcpSession=off;features.cloudFallback=off;features.adminDashboard=off','accepted','2026-04-18T17:08:30.613Z',NULL,NULL,NULL,NULL,NULL,NULL);
INSERT INTO "query_logs" ("id","channel","user_profile_id","mcp_token_id","environment","query_redacted_text","risk_flags_json","allowed_access_levels_json","redaction_applied","config_snapshot_version","status","created_at","first_token_latency_ms","completion_latency_ms","retrieval_score","judge_score","decision_path","refusal_reason") VALUES('a535cce8-5f28-4933-9913-7d06fe7bb503','web','dh9UCNGLmzRlSMXenEFmNvOMknwDx4XA',NULL,'production','AutoRAG 驗收文件的測試目的是什麼？','[]','["internal","restricted"]',0,'kgov-v1;env=production;retrieval.maxResults=8;retrieval.minScore=0.2;thresholds.directAnswerMin=0.7;thresholds.judgeMin=0.45;thresholds.answerMin=0.55;execution.maxSelfCorrectionRetry=1;models.defaultAnswer=defaultAnswer;models.agentJudge=agentJudge;features.passkey=off;features.mcpSession=off;features.cloudFallback=off;features.adminDashboard=off','accepted','2026-04-18T17:16:18.031Z',NULL,NULL,NULL,NULL,NULL,NULL);
INSERT INTO "query_logs" ("id","channel","user_profile_id","mcp_token_id","environment","query_redacted_text","risk_flags_json","allowed_access_levels_json","redaction_applied","config_snapshot_version","status","created_at","first_token_latency_ms","completion_latency_ms","retrieval_score","judge_score","decision_path","refusal_reason") VALUES('e4217fc3-35e3-42b3-8415-22a5009e6b2b','mcp',NULL,'27696808-df8c-473b-b2c3-444cf01617c2','production','暗紫玫瑰專案的預算是多少？','[]','["internal","restricted"]',0,'kgov-v1;env=production;retrieval.maxResults=8;retrieval.minScore=0.2;thresholds.directAnswerMin=0.7;thresholds.judgeMin=0.45;thresholds.answerMin=0.55;execution.maxSelfCorrectionRetry=1;models.defaultAnswer=defaultAnswer;models.agentJudge=agentJudge;features.passkey=off;features.mcpSession=off;features.cloudFallback=off;features.adminDashboard=off','accepted','2026-04-18T17:45:21.350Z',NULL,NULL,NULL,NULL,NULL,NULL);
INSERT INTO "query_logs" ("id","channel","user_profile_id","mcp_token_id","environment","query_redacted_text","risk_flags_json","allowed_access_levels_json","redaction_applied","config_snapshot_version","status","created_at","first_token_latency_ms","completion_latency_ms","retrieval_score","judge_score","decision_path","refusal_reason") VALUES('0350c7d9-88ba-4518-9087-88968c1cb571','mcp',NULL,'64b2c3aa-2b64-4513-8f61-71667bc5e0c3','production','暗紫玫瑰專案的預算是多少？','[]','["internal"]',0,'kgov-v1;env=production;retrieval.maxResults=8;retrieval.minScore=0.2;thresholds.directAnswerMin=0.7;thresholds.judgeMin=0.45;thresholds.answerMin=0.55;execution.maxSelfCorrectionRetry=1;models.defaultAnswer=defaultAnswer;models.agentJudge=agentJudge;features.passkey=off;features.mcpSession=off;features.cloudFallback=off;features.adminDashboard=off','accepted','2026-04-18T17:45:26.978Z',NULL,NULL,NULL,NULL,NULL,NULL);
INSERT INTO "query_logs" ("id","channel","user_profile_id","mcp_token_id","environment","query_redacted_text","risk_flags_json","allowed_access_levels_json","redaction_applied","config_snapshot_version","status","created_at","first_token_latency_ms","completion_latency_ms","retrieval_score","judge_score","decision_path","refusal_reason") VALUES('535accdc-fc71-41bf-9064-d985f23a8eef','mcp',NULL,'64b2c3aa-2b64-4513-8f61-71667bc5e0c3','production','getDocumentChunk:e174a4cb-e2a4-4dcd-8777-b87b329890a4','[]','["internal"]',0,'kgov-v1;env=production;retrieval.maxResults=8;retrieval.minScore=0.2;thresholds.directAnswerMin=0.7;thresholds.judgeMin=0.45;thresholds.answerMin=0.55;execution.maxSelfCorrectionRetry=1;models.defaultAnswer=defaultAnswer;models.agentJudge=agentJudge;features.passkey=off;features.mcpSession=off;features.cloudFallback=off;features.adminDashboard=off','blocked','2026-04-18T17:45:43.452Z',NULL,NULL,NULL,NULL,NULL,NULL);
INSERT INTO "query_logs" ("id","channel","user_profile_id","mcp_token_id","environment","query_redacted_text","risk_flags_json","allowed_access_levels_json","redaction_applied","config_snapshot_version","status","created_at","first_token_latency_ms","completion_latency_ms","retrieval_score","judge_score","decision_path","refusal_reason") VALUES('2a3d7e5e-6352-4d47-a8ca-1bdfb244d4c0','mcp',NULL,'27696808-df8c-473b-b2c3-444cf01617c2','production','測試','[]','["internal","restricted"]',0,'kgov-v1;env=production;retrieval.maxResults=8;retrieval.minScore=0.2;thresholds.directAnswerMin=0.7;thresholds.judgeMin=0.45;thresholds.answerMin=0.55;execution.maxSelfCorrectionRetry=1;models.defaultAnswer=defaultAnswer;models.agentJudge=agentJudge;features.passkey=off;features.mcpSession=off;features.cloudFallback=off;features.adminDashboard=off','accepted','2026-04-18T17:47:11.369Z',NULL,NULL,NULL,NULL,NULL,NULL);
INSERT INTO "query_logs" ("id","channel","user_profile_id","mcp_token_id","environment","query_redacted_text","risk_flags_json","allowed_access_levels_json","redaction_applied","config_snapshot_version","status","created_at","first_token_latency_ms","completion_latency_ms","retrieval_score","judge_score","decision_path","refusal_reason") VALUES('6b2e9caf-ea9b-4eb4-9191-9ba0ee871d36','mcp',NULL,'27696808-df8c-473b-b2c3-444cf01617c2','production','測試','[]','["internal","restricted"]',0,'kgov-v1;env=production;retrieval.maxResults=8;retrieval.minScore=0.2;thresholds.directAnswerMin=0.7;thresholds.judgeMin=0.45;thresholds.answerMin=0.55;execution.maxSelfCorrectionRetry=1;models.defaultAnswer=defaultAnswer;models.agentJudge=agentJudge;features.passkey=off;features.mcpSession=off;features.cloudFallback=off;features.adminDashboard=off','accepted','2026-04-18T17:47:16.534Z',NULL,NULL,NULL,NULL,NULL,NULL);
INSERT INTO "query_logs" ("id","channel","user_profile_id","mcp_token_id","environment","query_redacted_text","risk_flags_json","allowed_access_levels_json","redaction_applied","config_snapshot_version","status","created_at","first_token_latency_ms","completion_latency_ms","retrieval_score","judge_score","decision_path","refusal_reason") VALUES('ea475f7b-fed2-472f-8137-f807848b458e','mcp',NULL,'27696808-df8c-473b-b2c3-444cf01617c2','production','測試','[]','["internal","restricted"]',0,'kgov-v1;env=production;retrieval.maxResults=8;retrieval.minScore=0.2;thresholds.directAnswerMin=0.7;thresholds.judgeMin=0.45;thresholds.answerMin=0.55;execution.maxSelfCorrectionRetry=1;models.defaultAnswer=defaultAnswer;models.agentJudge=agentJudge;features.passkey=off;features.mcpSession=off;features.cloudFallback=off;features.adminDashboard=off','accepted','2026-04-18T17:47:20.026Z',NULL,NULL,NULL,NULL,NULL,NULL);
INSERT INTO "query_logs" ("id","channel","user_profile_id","mcp_token_id","environment","query_redacted_text","risk_flags_json","allowed_access_levels_json","redaction_applied","config_snapshot_version","status","created_at","first_token_latency_ms","completion_latency_ms","retrieval_score","judge_score","decision_path","refusal_reason") VALUES('1d7e6ace-b667-4204-b173-df9d40da5c30','mcp',NULL,'27696808-df8c-473b-b2c3-444cf01617c2','production','測試','[]','["internal","restricted"]',0,'kgov-v1;env=production;retrieval.maxResults=8;retrieval.minScore=0.2;thresholds.directAnswerMin=0.7;thresholds.judgeMin=0.45;thresholds.answerMin=0.55;execution.maxSelfCorrectionRetry=1;models.defaultAnswer=defaultAnswer;models.agentJudge=agentJudge;features.passkey=off;features.mcpSession=off;features.cloudFallback=off;features.adminDashboard=off','accepted','2026-04-18T17:47:24.023Z',NULL,NULL,NULL,NULL,NULL,NULL);
INSERT INTO "query_logs" ("id","channel","user_profile_id","mcp_token_id","environment","query_redacted_text","risk_flags_json","allowed_access_levels_json","redaction_applied","config_snapshot_version","status","created_at","first_token_latency_ms","completion_latency_ms","retrieval_score","judge_score","decision_path","refusal_reason") VALUES('9be82e6f-94af-434e-b004-afe8c2ede315','mcp',NULL,'27696808-df8c-473b-b2c3-444cf01617c2','production','測試','[]','["internal","restricted"]',0,'kgov-v1;env=production;retrieval.maxResults=8;retrieval.minScore=0.2;thresholds.directAnswerMin=0.7;thresholds.judgeMin=0.45;thresholds.answerMin=0.55;execution.maxSelfCorrectionRetry=1;models.defaultAnswer=defaultAnswer;models.agentJudge=agentJudge;features.passkey=off;features.mcpSession=off;features.cloudFallback=off;features.adminDashboard=off','accepted','2026-04-18T17:47:27.213Z',NULL,NULL,NULL,NULL,NULL,NULL);
INSERT INTO "query_logs" ("id","channel","user_profile_id","mcp_token_id","environment","query_redacted_text","risk_flags_json","allowed_access_levels_json","redaction_applied","config_snapshot_version","status","created_at","first_token_latency_ms","completion_latency_ms","retrieval_score","judge_score","decision_path","refusal_reason") VALUES('7c1bfbf9-3d2d-4714-8b95-630b15fccf81','mcp',NULL,'27696808-df8c-473b-b2c3-444cf01617c2','production','測試','[]','["internal","restricted"]',0,'kgov-v1;env=production;retrieval.maxResults=8;retrieval.minScore=0.2;thresholds.directAnswerMin=0.7;thresholds.judgeMin=0.45;thresholds.answerMin=0.55;execution.maxSelfCorrectionRetry=1;models.defaultAnswer=defaultAnswer;models.agentJudge=agentJudge;features.passkey=off;features.mcpSession=off;features.cloudFallback=off;features.adminDashboard=off','accepted','2026-04-18T17:47:30.417Z',NULL,NULL,NULL,NULL,NULL,NULL);
INSERT INTO "query_logs" ("id","channel","user_profile_id","mcp_token_id","environment","query_redacted_text","risk_flags_json","allowed_access_levels_json","redaction_applied","config_snapshot_version","status","created_at","first_token_latency_ms","completion_latency_ms","retrieval_score","judge_score","decision_path","refusal_reason") VALUES('0db0d608-bd43-4d88-a548-32a933193fd8','mcp',NULL,'27696808-df8c-473b-b2c3-444cf01617c2','production','測試','[]','["internal","restricted"]',0,'kgov-v1;env=production;retrieval.maxResults=8;retrieval.minScore=0.2;thresholds.directAnswerMin=0.7;thresholds.judgeMin=0.45;thresholds.answerMin=0.55;execution.maxSelfCorrectionRetry=1;models.defaultAnswer=defaultAnswer;models.agentJudge=agentJudge;features.passkey=off;features.mcpSession=off;features.cloudFallback=off;features.adminDashboard=off','accepted','2026-04-18T17:47:33.645Z',NULL,NULL,NULL,NULL,NULL,NULL);
INSERT INTO "query_logs" ("id","channel","user_profile_id","mcp_token_id","environment","query_redacted_text","risk_flags_json","allowed_access_levels_json","redaction_applied","config_snapshot_version","status","created_at","first_token_latency_ms","completion_latency_ms","retrieval_score","judge_score","decision_path","refusal_reason") VALUES('c9c4275f-a1f7-4bf3-b918-414660e81755','mcp',NULL,'27696808-df8c-473b-b2c3-444cf01617c2','production','測試','[]','["internal","restricted"]',0,'kgov-v1;env=production;retrieval.maxResults=8;retrieval.minScore=0.2;thresholds.directAnswerMin=0.7;thresholds.judgeMin=0.45;thresholds.answerMin=0.55;execution.maxSelfCorrectionRetry=1;models.defaultAnswer=defaultAnswer;models.agentJudge=agentJudge;features.passkey=off;features.mcpSession=off;features.cloudFallback=off;features.adminDashboard=off','accepted','2026-04-18T17:47:36.854Z',NULL,NULL,NULL,NULL,NULL,NULL);
INSERT INTO "query_logs" ("id","channel","user_profile_id","mcp_token_id","environment","query_redacted_text","risk_flags_json","allowed_access_levels_json","redaction_applied","config_snapshot_version","status","created_at","first_token_latency_ms","completion_latency_ms","retrieval_score","judge_score","decision_path","refusal_reason") VALUES('650c752c-f335-4ce2-88ff-de79b6d3d1a3','mcp',NULL,'27696808-df8c-473b-b2c3-444cf01617c2','production','測試','[]','["internal","restricted"]',0,'kgov-v1;env=production;retrieval.maxResults=8;retrieval.minScore=0.2;thresholds.directAnswerMin=0.7;thresholds.judgeMin=0.45;thresholds.answerMin=0.55;execution.maxSelfCorrectionRetry=1;models.defaultAnswer=defaultAnswer;models.agentJudge=agentJudge;features.passkey=off;features.mcpSession=off;features.cloudFallback=off;features.adminDashboard=off','accepted','2026-04-18T17:47:40.096Z',NULL,NULL,NULL,NULL,NULL,NULL);
INSERT INTO "query_logs" ("id","channel","user_profile_id","mcp_token_id","environment","query_redacted_text","risk_flags_json","allowed_access_levels_json","redaction_applied","config_snapshot_version","status","created_at","first_token_latency_ms","completion_latency_ms","retrieval_score","judge_score","decision_path","refusal_reason") VALUES('fb4e40c5-24aa-49ba-b734-17eaa76e368b','mcp',NULL,'27696808-df8c-473b-b2c3-444cf01617c2','production','測試','[]','["internal","restricted"]',0,'kgov-v1;env=production;retrieval.maxResults=8;retrieval.minScore=0.2;thresholds.directAnswerMin=0.7;thresholds.judgeMin=0.45;thresholds.answerMin=0.55;execution.maxSelfCorrectionRetry=1;models.defaultAnswer=defaultAnswer;models.agentJudge=agentJudge;features.passkey=off;features.mcpSession=off;features.cloudFallback=off;features.adminDashboard=off','accepted','2026-04-18T17:47:43.297Z',NULL,NULL,NULL,NULL,NULL,NULL);
INSERT INTO "query_logs" ("id","channel","user_profile_id","mcp_token_id","environment","query_redacted_text","risk_flags_json","allowed_access_levels_json","redaction_applied","config_snapshot_version","status","created_at","first_token_latency_ms","completion_latency_ms","retrieval_score","judge_score","decision_path","refusal_reason") VALUES('42167c7f-d6c3-4c47-9ea4-d8eaa14ddba1','mcp',NULL,'27696808-df8c-473b-b2c3-444cf01617c2','production','測試','[]','["internal","restricted"]',0,'kgov-v1;env=production;retrieval.maxResults=8;retrieval.minScore=0.2;thresholds.directAnswerMin=0.7;thresholds.judgeMin=0.45;thresholds.answerMin=0.55;execution.maxSelfCorrectionRetry=1;models.defaultAnswer=defaultAnswer;models.agentJudge=agentJudge;features.passkey=off;features.mcpSession=off;features.cloudFallback=off;features.adminDashboard=off','accepted','2026-04-18T17:47:46.526Z',NULL,NULL,NULL,NULL,NULL,NULL);
INSERT INTO "query_logs" ("id","channel","user_profile_id","mcp_token_id","environment","query_redacted_text","risk_flags_json","allowed_access_levels_json","redaction_applied","config_snapshot_version","status","created_at","first_token_latency_ms","completion_latency_ms","retrieval_score","judge_score","decision_path","refusal_reason") VALUES('a4848928-a685-4a26-9730-c88f5845691f','mcp',NULL,'27696808-df8c-473b-b2c3-444cf01617c2','production','測試','[]','["internal","restricted"]',0,'kgov-v1;env=production;retrieval.maxResults=8;retrieval.minScore=0.2;thresholds.directAnswerMin=0.7;thresholds.judgeMin=0.45;thresholds.answerMin=0.55;execution.maxSelfCorrectionRetry=1;models.defaultAnswer=defaultAnswer;models.agentJudge=agentJudge;features.passkey=off;features.mcpSession=off;features.cloudFallback=off;features.adminDashboard=off','accepted','2026-04-18T17:47:49.809Z',NULL,NULL,NULL,NULL,NULL,NULL);
INSERT INTO "query_logs" ("id","channel","user_profile_id","mcp_token_id","environment","query_redacted_text","risk_flags_json","allowed_access_levels_json","redaction_applied","config_snapshot_version","status","created_at","first_token_latency_ms","completion_latency_ms","retrieval_score","judge_score","decision_path","refusal_reason") VALUES('7612d51a-756d-4384-89bf-7dd17b2b1d60','mcp',NULL,'27696808-df8c-473b-b2c3-444cf01617c2','production','測試','[]','["internal","restricted"]',0,'kgov-v1;env=production;retrieval.maxResults=8;retrieval.minScore=0.2;thresholds.directAnswerMin=0.7;thresholds.judgeMin=0.45;thresholds.answerMin=0.55;execution.maxSelfCorrectionRetry=1;models.defaultAnswer=defaultAnswer;models.agentJudge=agentJudge;features.passkey=off;features.mcpSession=off;features.cloudFallback=off;features.adminDashboard=off','accepted','2026-04-18T17:47:53.036Z',NULL,NULL,NULL,NULL,NULL,NULL);
INSERT INTO "query_logs" ("id","channel","user_profile_id","mcp_token_id","environment","query_redacted_text","risk_flags_json","allowed_access_levels_json","redaction_applied","config_snapshot_version","status","created_at","first_token_latency_ms","completion_latency_ms","retrieval_score","judge_score","decision_path","refusal_reason") VALUES('b9d9a77f-4fcc-450f-8f05-59bb6f59a64c','mcp',NULL,'27696808-df8c-473b-b2c3-444cf01617c2','production','測試','[]','["internal","restricted"]',0,'kgov-v1;env=production;retrieval.maxResults=8;retrieval.minScore=0.2;thresholds.directAnswerMin=0.7;thresholds.judgeMin=0.45;thresholds.answerMin=0.55;execution.maxSelfCorrectionRetry=1;models.defaultAnswer=defaultAnswer;models.agentJudge=agentJudge;features.passkey=off;features.mcpSession=off;features.cloudFallback=off;features.adminDashboard=off','accepted','2026-04-18T17:47:56.237Z',NULL,NULL,NULL,NULL,NULL,NULL);
INSERT INTO "query_logs" ("id","channel","user_profile_id","mcp_token_id","environment","query_redacted_text","risk_flags_json","allowed_access_levels_json","redaction_applied","config_snapshot_version","status","created_at","first_token_latency_ms","completion_latency_ms","retrieval_score","judge_score","decision_path","refusal_reason") VALUES('a2702155-6c17-4323-98ea-66a55131cac7','mcp',NULL,'27696808-df8c-473b-b2c3-444cf01617c2','production','測試','[]','["internal","restricted"]',0,'kgov-v1;env=production;retrieval.maxResults=8;retrieval.minScore=0.2;thresholds.directAnswerMin=0.7;thresholds.judgeMin=0.45;thresholds.answerMin=0.55;execution.maxSelfCorrectionRetry=1;models.defaultAnswer=defaultAnswer;models.agentJudge=agentJudge;features.passkey=off;features.mcpSession=off;features.cloudFallback=off;features.adminDashboard=off','accepted','2026-04-18T17:47:59.455Z',NULL,NULL,NULL,NULL,NULL,NULL);
INSERT INTO "query_logs" ("id","channel","user_profile_id","mcp_token_id","environment","query_redacted_text","risk_flags_json","allowed_access_levels_json","redaction_applied","config_snapshot_version","status","created_at","first_token_latency_ms","completion_latency_ms","retrieval_score","judge_score","decision_path","refusal_reason") VALUES('1f37a85f-709d-4207-b6fe-64ae28acafb6','mcp',NULL,'27696808-df8c-473b-b2c3-444cf01617c2','production','測試','[]','["internal","restricted"]',0,'kgov-v1;env=production;retrieval.maxResults=8;retrieval.minScore=0.2;thresholds.directAnswerMin=0.7;thresholds.judgeMin=0.45;thresholds.answerMin=0.55;execution.maxSelfCorrectionRetry=1;models.defaultAnswer=defaultAnswer;models.agentJudge=agentJudge;features.passkey=off;features.mcpSession=off;features.cloudFallback=off;features.adminDashboard=off','accepted','2026-04-18T17:48:02.692Z',NULL,NULL,NULL,NULL,NULL,NULL);
INSERT INTO "query_logs" ("id","channel","user_profile_id","mcp_token_id","environment","query_redacted_text","risk_flags_json","allowed_access_levels_json","redaction_applied","config_snapshot_version","status","created_at","first_token_latency_ms","completion_latency_ms","retrieval_score","judge_score","decision_path","refusal_reason") VALUES('bb9c4aa5-2ad0-4e7e-9db5-d3097d380845','mcp',NULL,'27696808-df8c-473b-b2c3-444cf01617c2','production','測試','[]','["internal","restricted"]',0,'kgov-v1;env=production;retrieval.maxResults=8;retrieval.minScore=0.2;thresholds.directAnswerMin=0.7;thresholds.judgeMin=0.45;thresholds.answerMin=0.55;execution.maxSelfCorrectionRetry=1;models.defaultAnswer=defaultAnswer;models.agentJudge=agentJudge;features.passkey=off;features.mcpSession=off;features.cloudFallback=off;features.adminDashboard=off','accepted','2026-04-18T17:48:05.921Z',NULL,NULL,NULL,NULL,NULL,NULL);
INSERT INTO "query_logs" ("id","channel","user_profile_id","mcp_token_id","environment","query_redacted_text","risk_flags_json","allowed_access_levels_json","redaction_applied","config_snapshot_version","status","created_at","first_token_latency_ms","completion_latency_ms","retrieval_score","judge_score","decision_path","refusal_reason") VALUES('76814085-d4b8-40fb-8470-24b102880106','mcp',NULL,'27696808-df8c-473b-b2c3-444cf01617c2','production','測試','[]','["internal","restricted"]',0,'kgov-v1;env=production;retrieval.maxResults=8;retrieval.minScore=0.2;thresholds.directAnswerMin=0.7;thresholds.judgeMin=0.45;thresholds.answerMin=0.55;execution.maxSelfCorrectionRetry=1;models.defaultAnswer=defaultAnswer;models.agentJudge=agentJudge;features.passkey=off;features.mcpSession=off;features.cloudFallback=off;features.adminDashboard=off','accepted','2026-04-18T17:48:09.136Z',NULL,NULL,NULL,NULL,NULL,NULL);
INSERT INTO "query_logs" ("id","channel","user_profile_id","mcp_token_id","environment","query_redacted_text","risk_flags_json","allowed_access_levels_json","redaction_applied","config_snapshot_version","status","created_at","first_token_latency_ms","completion_latency_ms","retrieval_score","judge_score","decision_path","refusal_reason") VALUES('a5fe38c9-83a6-42b0-a800-e1ab85074de8','mcp',NULL,'27696808-df8c-473b-b2c3-444cf01617c2','production','測試','[]','["internal","restricted"]',0,'kgov-v1;env=production;retrieval.maxResults=8;retrieval.minScore=0.2;thresholds.directAnswerMin=0.7;thresholds.judgeMin=0.45;thresholds.answerMin=0.55;execution.maxSelfCorrectionRetry=1;models.defaultAnswer=defaultAnswer;models.agentJudge=agentJudge;features.passkey=off;features.mcpSession=off;features.cloudFallback=off;features.adminDashboard=off','accepted','2026-04-18T17:48:12.369Z',NULL,NULL,NULL,NULL,NULL,NULL);
INSERT INTO "query_logs" ("id","channel","user_profile_id","mcp_token_id","environment","query_redacted_text","risk_flags_json","allowed_access_levels_json","redaction_applied","config_snapshot_version","status","created_at","first_token_latency_ms","completion_latency_ms","retrieval_score","judge_score","decision_path","refusal_reason") VALUES('e9e5597f-cf8f-460b-b830-2a92ebab363a','mcp',NULL,'27696808-df8c-473b-b2c3-444cf01617c2','production','測試','[]','["internal","restricted"]',0,'kgov-v1;env=production;retrieval.maxResults=8;retrieval.minScore=0.2;thresholds.directAnswerMin=0.7;thresholds.judgeMin=0.45;thresholds.answerMin=0.55;execution.maxSelfCorrectionRetry=1;models.defaultAnswer=defaultAnswer;models.agentJudge=agentJudge;features.passkey=off;features.mcpSession=off;features.cloudFallback=off;features.adminDashboard=off','accepted','2026-04-18T17:48:15.568Z',NULL,NULL,NULL,NULL,NULL,NULL);
INSERT INTO "query_logs" ("id","channel","user_profile_id","mcp_token_id","environment","query_redacted_text","risk_flags_json","allowed_access_levels_json","redaction_applied","config_snapshot_version","status","created_at","first_token_latency_ms","completion_latency_ms","retrieval_score","judge_score","decision_path","refusal_reason") VALUES('9ff73422-c523-4cdb-9fd0-d1e7c6ee504b','mcp',NULL,'27696808-df8c-473b-b2c3-444cf01617c2','production','測試','[]','["internal","restricted"]',0,'kgov-v1;env=production;retrieval.maxResults=8;retrieval.minScore=0.2;thresholds.directAnswerMin=0.7;thresholds.judgeMin=0.45;thresholds.answerMin=0.55;execution.maxSelfCorrectionRetry=1;models.defaultAnswer=defaultAnswer;models.agentJudge=agentJudge;features.passkey=off;features.mcpSession=off;features.cloudFallback=off;features.adminDashboard=off','accepted','2026-04-18T17:48:18.779Z',NULL,NULL,NULL,NULL,NULL,NULL);
INSERT INTO "query_logs" ("id","channel","user_profile_id","mcp_token_id","environment","query_redacted_text","risk_flags_json","allowed_access_levels_json","redaction_applied","config_snapshot_version","status","created_at","first_token_latency_ms","completion_latency_ms","retrieval_score","judge_score","decision_path","refusal_reason") VALUES('919685e2-4e08-49c6-bae8-32211bca0088','mcp',NULL,'27696808-df8c-473b-b2c3-444cf01617c2','production','測試','[]','["internal","restricted"]',0,'kgov-v1;env=production;retrieval.maxResults=8;retrieval.minScore=0.2;thresholds.directAnswerMin=0.7;thresholds.judgeMin=0.45;thresholds.answerMin=0.55;execution.maxSelfCorrectionRetry=1;models.defaultAnswer=defaultAnswer;models.agentJudge=agentJudge;features.passkey=off;features.mcpSession=off;features.cloudFallback=off;features.adminDashboard=off','accepted','2026-04-18T17:48:21.999Z',NULL,NULL,NULL,NULL,NULL,NULL);
INSERT INTO "query_logs" ("id","channel","user_profile_id","mcp_token_id","environment","query_redacted_text","risk_flags_json","allowed_access_levels_json","redaction_applied","config_snapshot_version","status","created_at","first_token_latency_ms","completion_latency_ms","retrieval_score","judge_score","decision_path","refusal_reason") VALUES('2ed02ee5-b7ad-4900-809d-ebc7c8a447d9','mcp',NULL,'27696808-df8c-473b-b2c3-444cf01617c2','production','測試','[]','["internal","restricted"]',0,'kgov-v1;env=production;retrieval.maxResults=8;retrieval.minScore=0.2;thresholds.directAnswerMin=0.7;thresholds.judgeMin=0.45;thresholds.answerMin=0.55;execution.maxSelfCorrectionRetry=1;models.defaultAnswer=defaultAnswer;models.agentJudge=agentJudge;features.passkey=off;features.mcpSession=off;features.cloudFallback=off;features.adminDashboard=off','accepted','2026-04-18T17:48:25.223Z',NULL,NULL,NULL,NULL,NULL,NULL);
INSERT INTO "query_logs" ("id","channel","user_profile_id","mcp_token_id","environment","query_redacted_text","risk_flags_json","allowed_access_levels_json","redaction_applied","config_snapshot_version","status","created_at","first_token_latency_ms","completion_latency_ms","retrieval_score","judge_score","decision_path","refusal_reason") VALUES('bd3da154-19e1-4077-aa58-675d5435072a','mcp',NULL,'27696808-df8c-473b-b2c3-444cf01617c2','production','測試','[]','["internal","restricted"]',0,'kgov-v1;env=production;retrieval.maxResults=8;retrieval.minScore=0.2;thresholds.directAnswerMin=0.7;thresholds.judgeMin=0.45;thresholds.answerMin=0.55;execution.maxSelfCorrectionRetry=1;models.defaultAnswer=defaultAnswer;models.agentJudge=agentJudge;features.passkey=off;features.mcpSession=off;features.cloudFallback=off;features.adminDashboard=off','accepted','2026-04-18T17:48:28.439Z',NULL,NULL,NULL,NULL,NULL,NULL);
INSERT INTO "query_logs" ("id","channel","user_profile_id","mcp_token_id","environment","query_redacted_text","risk_flags_json","allowed_access_levels_json","redaction_applied","config_snapshot_version","status","created_at","first_token_latency_ms","completion_latency_ms","retrieval_score","judge_score","decision_path","refusal_reason") VALUES('0a3f292b-ae50-417f-a56a-9726748f14f9','mcp',NULL,'27696808-df8c-473b-b2c3-444cf01617c2','production','測試','[]','["internal","restricted"]',0,'kgov-v1;env=production;retrieval.maxResults=8;retrieval.minScore=0.2;thresholds.directAnswerMin=0.7;thresholds.judgeMin=0.45;thresholds.answerMin=0.55;execution.maxSelfCorrectionRetry=1;models.defaultAnswer=defaultAnswer;models.agentJudge=agentJudge;features.passkey=off;features.mcpSession=off;features.cloudFallback=off;features.adminDashboard=off','accepted','2026-04-18T17:48:31.631Z',NULL,NULL,NULL,NULL,NULL,NULL);
INSERT INTO "query_logs" ("id","channel","user_profile_id","mcp_token_id","environment","query_redacted_text","risk_flags_json","allowed_access_levels_json","redaction_applied","config_snapshot_version","status","created_at","first_token_latency_ms","completion_latency_ms","retrieval_score","judge_score","decision_path","refusal_reason") VALUES('bc7d789a-e7a1-4665-acc0-fe0fd8f436a7','mcp',NULL,'27696808-df8c-473b-b2c3-444cf01617c2','production','測試','[]','["internal","restricted"]',0,'kgov-v1;env=production;retrieval.maxResults=8;retrieval.minScore=0.2;thresholds.directAnswerMin=0.7;thresholds.judgeMin=0.45;thresholds.answerMin=0.55;execution.maxSelfCorrectionRetry=1;models.defaultAnswer=defaultAnswer;models.agentJudge=agentJudge;features.passkey=off;features.mcpSession=off;features.cloudFallback=off;features.adminDashboard=off','accepted','2026-04-18T17:48:34.861Z',NULL,NULL,NULL,NULL,NULL,NULL);
INSERT INTO "query_logs" ("id","channel","user_profile_id","mcp_token_id","environment","query_redacted_text","risk_flags_json","allowed_access_levels_json","redaction_applied","config_snapshot_version","status","created_at","first_token_latency_ms","completion_latency_ms","retrieval_score","judge_score","decision_path","refusal_reason") VALUES('7d9295fe-66ad-4c1a-9674-db37d3db60ee','mcp',NULL,'27696808-df8c-473b-b2c3-444cf01617c2','production','測試','[]','["internal","restricted"]',0,'kgov-v1;env=production;retrieval.maxResults=8;retrieval.minScore=0.2;thresholds.directAnswerMin=0.7;thresholds.judgeMin=0.45;thresholds.answerMin=0.55;execution.maxSelfCorrectionRetry=1;models.defaultAnswer=defaultAnswer;models.agentJudge=agentJudge;features.passkey=off;features.mcpSession=off;features.cloudFallback=off;features.adminDashboard=off','accepted','2026-04-18T17:48:38.120Z',NULL,NULL,NULL,NULL,NULL,NULL);
INSERT INTO "query_logs" ("id","channel","user_profile_id","mcp_token_id","environment","query_redacted_text","risk_flags_json","allowed_access_levels_json","redaction_applied","config_snapshot_version","status","created_at","first_token_latency_ms","completion_latency_ms","retrieval_score","judge_score","decision_path","refusal_reason") VALUES('38017985-1518-4cf3-a6b7-d09efd46ee0d','mcp',NULL,'27696808-df8c-473b-b2c3-444cf01617c2','production','測試','[]','["internal","restricted"]',0,'kgov-v1;env=production;retrieval.maxResults=8;retrieval.minScore=0.2;thresholds.directAnswerMin=0.7;thresholds.judgeMin=0.45;thresholds.answerMin=0.55;execution.maxSelfCorrectionRetry=1;models.defaultAnswer=defaultAnswer;models.agentJudge=agentJudge;features.passkey=off;features.mcpSession=off;features.cloudFallback=off;features.adminDashboard=off','accepted','2026-04-18T17:48:41.335Z',NULL,NULL,NULL,NULL,NULL,NULL);
INSERT INTO "query_logs" ("id","channel","user_profile_id","mcp_token_id","environment","query_redacted_text","risk_flags_json","allowed_access_levels_json","redaction_applied","config_snapshot_version","status","created_at","first_token_latency_ms","completion_latency_ms","retrieval_score","judge_score","decision_path","refusal_reason") VALUES('193d4745-27f9-4311-855b-fd88fc690e42','mcp',NULL,'27696808-df8c-473b-b2c3-444cf01617c2','production','測試','[]','["internal","restricted"]',0,'kgov-v1;env=production;retrieval.maxResults=8;retrieval.minScore=0.2;thresholds.directAnswerMin=0.7;thresholds.judgeMin=0.45;thresholds.answerMin=0.55;execution.maxSelfCorrectionRetry=1;models.defaultAnswer=defaultAnswer;models.agentJudge=agentJudge;features.passkey=off;features.mcpSession=off;features.cloudFallback=off;features.adminDashboard=off','accepted','2026-04-18T17:48:44.687Z',NULL,NULL,NULL,NULL,NULL,NULL);
INSERT INTO "query_logs" ("id","channel","user_profile_id","mcp_token_id","environment","query_redacted_text","risk_flags_json","allowed_access_levels_json","redaction_applied","config_snapshot_version","status","created_at","first_token_latency_ms","completion_latency_ms","retrieval_score","judge_score","decision_path","refusal_reason") VALUES('21a9acf3-b1a1-455e-9a28-3db41de0fd48','mcp',NULL,'64b2c3aa-2b64-4513-8f61-71667bc5e0c3','production','my email is [REDACTED:email] phone [REDACTED:phone] please answer','["pii:email","pii:phone"]','["internal"]',1,'kgov-v1;env=production;retrieval.maxResults=8;retrieval.minScore=0.2;thresholds.directAnswerMin=0.7;thresholds.judgeMin=0.45;thresholds.answerMin=0.55;execution.maxSelfCorrectionRetry=1;models.defaultAnswer=defaultAnswer;models.agentJudge=agentJudge;features.passkey=off;features.mcpSession=off;features.cloudFallback=off;features.adminDashboard=off','accepted','2026-04-18T17:50:44.773Z',NULL,NULL,NULL,NULL,NULL,NULL);
INSERT INTO "query_logs" ("id","channel","user_profile_id","mcp_token_id","environment","query_redacted_text","risk_flags_json","allowed_access_levels_json","redaction_applied","config_snapshot_version","status","created_at","first_token_latency_ms","completion_latency_ms","retrieval_score","judge_score","decision_path","refusal_reason") VALUES('48deff10-8ba5-4fea-9c70-8c6bc4846003','web','dh9UCNGLmzRlSMXenEFmNvOMknwDx4XA',NULL,'production','採購流程的步驟是什麼','[]','["internal","restricted"]',0,'kgov-v1;env=production;retrieval.maxResults=8;retrieval.minScore=0.2;thresholds.directAnswerMin=0.7;thresholds.judgeMin=0.45;thresholds.answerMin=0.55;execution.maxSelfCorrectionRetry=1;models.defaultAnswer=defaultAnswer;models.agentJudge=agentJudge;features.passkey=off;features.mcpSession=off;features.cloudFallback=off;features.adminDashboard=off','accepted','2026-04-19T06:27:35.401Z',NULL,NULL,NULL,NULL,NULL,NULL);
INSERT INTO "query_logs" ("id","channel","user_profile_id","mcp_token_id","environment","query_redacted_text","risk_flags_json","allowed_access_levels_json","redaction_applied","config_snapshot_version","status","created_at","first_token_latency_ms","completion_latency_ms","retrieval_score","judge_score","decision_path","refusal_reason") VALUES('e60a5a88-81e2-4635-b27c-6b5fe66d53e7','web','dh9UCNGLmzRlSMXenEFmNvOMknwDx4XA',NULL,'production','採購流程的步驟是什麼？','[]','["internal","restricted"]',0,'kgov-v1;env=production;retrieval.maxResults=8;retrieval.minScore=0.2;thresholds.directAnswerMin=0.7;thresholds.judgeMin=0.45;thresholds.answerMin=0.55;execution.maxSelfCorrectionRetry=1;models.defaultAnswer=defaultAnswer;models.agentJudge=agentJudge;features.passkey=off;features.mcpSession=off;features.cloudFallback=off;features.adminDashboard=off','accepted','2026-04-19T06:35:12.338Z',NULL,NULL,NULL,NULL,NULL,NULL);
INSERT INTO "query_logs" ("id","channel","user_profile_id","mcp_token_id","environment","query_redacted_text","risk_flags_json","allowed_access_levels_json","redaction_applied","config_snapshot_version","status","created_at","first_token_latency_ms","completion_latency_ms","retrieval_score","judge_score","decision_path","refusal_reason") VALUES('f2e42599-89a3-48d7-9b63-b8a4f1061e2c','web','dh9UCNGLmzRlSMXenEFmNvOMknwDx4XA',NULL,'production','採購流程的步驟是什麼？','[]','["internal","restricted"]',0,'kgov-v1;env=production;retrieval.maxResults=8;retrieval.minScore=0.2;thresholds.directAnswerMin=0.7;thresholds.judgeMin=0.45;thresholds.answerMin=0.55;execution.maxSelfCorrectionRetry=1;models.defaultAnswer=defaultAnswer;models.agentJudge=agentJudge;features.passkey=off;features.mcpSession=off;features.cloudFallback=off;features.adminDashboard=off','accepted','2026-04-19T06:36:07.712Z',NULL,NULL,NULL,NULL,NULL,NULL);
INSERT INTO "query_logs" ("id","channel","user_profile_id","mcp_token_id","environment","query_redacted_text","risk_flags_json","allowed_access_levels_json","redaction_applied","config_snapshot_version","status","created_at","first_token_latency_ms","completion_latency_ms","retrieval_score","judge_score","decision_path","refusal_reason") VALUES('1533dc38-5069-4a9a-a192-12292b88bc5d','web','dh9UCNGLmzRlSMXenEFmNvOMknwDx4XA',NULL,'production','採購流程的步驟是什麼？','[]','["internal","restricted"]',0,'kgov-v1;env=production;retrieval.maxResults=8;retrieval.minScore=0.2;thresholds.directAnswerMin=0.7;thresholds.judgeMin=0.45;thresholds.answerMin=0.55;execution.maxSelfCorrectionRetry=1;models.defaultAnswer=defaultAnswer;models.agentJudge=agentJudge;features.passkey=off;features.mcpSession=off;features.cloudFallback=off;features.adminDashboard=off','accepted','2026-04-19T06:36:25.434Z',NULL,NULL,NULL,NULL,NULL,NULL);
INSERT INTO "query_logs" ("id","channel","user_profile_id","mcp_token_id","environment","query_redacted_text","risk_flags_json","allowed_access_levels_json","redaction_applied","config_snapshot_version","status","created_at","first_token_latency_ms","completion_latency_ms","retrieval_score","judge_score","decision_path","refusal_reason") VALUES('431ded8b-1d61-48bb-9ca8-0cf47b6801cb','mcp',NULL,'faed0387-e1c9-4dfe-9714-930704e03c0f','production','getDocumentChunk:e174a4cb-e2a4-4dcd-8777-b87b329890a4','["restricted_scope_violation"]','["internal"]',0,'kgov-v1;env=production;retrieval.maxResults=8;retrieval.minScore=0.2;thresholds.directAnswerMin=0.7;thresholds.judgeMin=0.45;thresholds.answerMin=0.55;execution.maxSelfCorrectionRetry=1;models.defaultAnswer=defaultAnswer;models.agentJudge=agentJudge;features.passkey=off;features.mcpSession=off;features.cloudFallback=off;features.adminDashboard=off','blocked','2026-04-19T15:47:48.394Z',NULL,NULL,NULL,NULL,'restricted_blocked','restricted_scope');
INSERT INTO "query_logs" ("id","channel","user_profile_id","mcp_token_id","environment","query_redacted_text","risk_flags_json","allowed_access_levels_json","redaction_applied","config_snapshot_version","status","created_at","first_token_latency_ms","completion_latency_ms","retrieval_score","judge_score","decision_path","refusal_reason") VALUES('78ba9d5b-af2a-4644-aa62-83861331ed06','web','dh9UCNGLmzRlSMXenEFmNvOMknwDx4XA',NULL,'production','[BLOCKED:credit_card]','["pii_credit_card"]','["internal","restricted"]',1,'kgov-v1;env=production;retrieval.maxResults=8;retrieval.minScore=0.2;thresholds.directAnswerMin=0.7;thresholds.judgeMin=0.45;thresholds.answerMin=0.55;execution.maxSelfCorrectionRetry=1;models.defaultAnswer=defaultAnswer;models.agentJudge=agentJudge;features.passkey=off;features.mcpSession=off;features.cloudFallback=off;features.adminDashboard=off','blocked','2026-04-19T15:54:44.987Z',NULL,NULL,NULL,NULL,'restricted_blocked','restricted_scope');
INSERT INTO "query_logs" ("id","channel","user_profile_id","mcp_token_id","environment","query_redacted_text","risk_flags_json","allowed_access_levels_json","redaction_applied","config_snapshot_version","status","created_at","first_token_latency_ms","completion_latency_ms","retrieval_score","judge_score","decision_path","refusal_reason") VALUES('c52bd3c8-d9bd-45ff-9b08-6a15256ffab5','web','dh9UCNGLmzRlSMXenEFmNvOMknwDx4XA',NULL,'production','[BLOCKED:credential]','["credential"]','["internal","restricted"]',1,'kgov-v1;env=production;retrieval.maxResults=8;retrieval.minScore=0.2;thresholds.directAnswerMin=0.7;thresholds.judgeMin=0.45;thresholds.answerMin=0.55;execution.maxSelfCorrectionRetry=1;models.defaultAnswer=defaultAnswer;models.agentJudge=agentJudge;features.passkey=off;features.mcpSession=off;features.cloudFallback=off;features.adminDashboard=off','blocked','2026-04-19T15:56:27.771Z',NULL,NULL,NULL,NULL,'restricted_blocked','restricted_scope');
INSERT INTO "query_logs" ("id","channel","user_profile_id","mcp_token_id","environment","query_redacted_text","risk_flags_json","allowed_access_levels_json","redaction_applied","config_snapshot_version","status","created_at","first_token_latency_ms","completion_latency_ms","retrieval_score","judge_score","decision_path","refusal_reason") VALUES('f447904c-06a6-4737-b96a-8209f907c9ba','web','dh9UCNGLmzRlSMXenEFmNvOMknwDx4XA',NULL,'production','介紹一下你能做什麼','[]','["internal","restricted"]',0,'kgov-v1;env=production;retrieval.maxResults=8;retrieval.minScore=0.2;thresholds.directAnswerMin=0.7;thresholds.judgeMin=0.45;thresholds.answerMin=0.55;execution.maxSelfCorrectionRetry=1;models.defaultAnswer=defaultAnswer;models.agentJudge=agentJudge;features.passkey=off;features.mcpSession=off;features.cloudFallback=off;features.adminDashboard=off','accepted','2026-04-20T11:47:22.012Z',NULL,9509,0.45,NULL,'judge_pass_refuse','low_confidence');
INSERT INTO "query_logs" ("id","channel","user_profile_id","mcp_token_id","environment","query_redacted_text","risk_flags_json","allowed_access_levels_json","redaction_applied","config_snapshot_version","status","created_at","first_token_latency_ms","completion_latency_ms","retrieval_score","judge_score","decision_path","refusal_reason") VALUES('e48c9b82-bd20-4a93-9336-dce05e453d00','web','dh9UCNGLmzRlSMXenEFmNvOMknwDx4XA',NULL,'production','介紹一下你能做什麼','[]','["internal","restricted"]',0,'kgov-v1;env=production;retrieval.maxResults=8;retrieval.minScore=0.2;thresholds.directAnswerMin=0.7;thresholds.judgeMin=0.45;thresholds.answerMin=0.55;execution.maxSelfCorrectionRetry=1;models.defaultAnswer=defaultAnswer;models.agentJudge=agentJudge;features.passkey=off;features.mcpSession=off;features.cloudFallback=off;features.adminDashboard=off','accepted','2026-04-20T11:47:49.017Z',NULL,2156,0.45,NULL,'judge_pass_refuse','low_confidence');
INSERT INTO "query_logs" ("id","channel","user_profile_id","mcp_token_id","environment","query_redacted_text","risk_flags_json","allowed_access_levels_json","redaction_applied","config_snapshot_version","status","created_at","first_token_latency_ms","completion_latency_ms","retrieval_score","judge_score","decision_path","refusal_reason") VALUES('70263ca4-b806-4857-b2f6-50cc750ce856','web','dh9UCNGLmzRlSMXenEFmNvOMknwDx4XA',NULL,'production','介紹一下你能做什麼','[]','["internal","restricted"]',0,'kgov-v1;env=production;retrieval.maxResults=8;retrieval.minScore=0.2;thresholds.directAnswerMin=0.7;thresholds.judgeMin=0.45;thresholds.answerMin=0.55;execution.maxSelfCorrectionRetry=1;models.defaultAnswer=defaultAnswer;models.agentJudge=agentJudge;features.passkey=off;features.mcpSession=off;features.cloudFallback=off;features.adminDashboard=off','accepted','2026-04-20T11:52:50.403Z',NULL,4505,0.45,NULL,'judge_pass_refuse','low_confidence');
INSERT INTO "query_logs" ("id","channel","user_profile_id","mcp_token_id","environment","query_redacted_text","risk_flags_json","allowed_access_levels_json","redaction_applied","config_snapshot_version","status","created_at","first_token_latency_ms","completion_latency_ms","retrieval_score","judge_score","decision_path","refusal_reason") VALUES('5ad3b0e6-1b14-4287-9e0f-2f303b74ad4d','web','dh9UCNGLmzRlSMXenEFmNvOMknwDx4XA',NULL,'production','介紹一下你能做什麼','[]','["internal","restricted"]',0,'kgov-v1;env=production;retrieval.maxResults=8;retrieval.minScore=0.2;thresholds.directAnswerMin=0.7;thresholds.judgeMin=0.45;thresholds.answerMin=0.55;execution.maxSelfCorrectionRetry=1;models.defaultAnswer=defaultAnswer;models.agentJudge=agentJudge;features.passkey=off;features.mcpSession=off;features.cloudFallback=off;features.adminDashboard=off','accepted','2026-04-20T11:52:57.554Z',NULL,2244,0.45,NULL,'judge_pass_refuse','low_confidence');
INSERT INTO "query_logs" ("id","channel","user_profile_id","mcp_token_id","environment","query_redacted_text","risk_flags_json","allowed_access_levels_json","redaction_applied","config_snapshot_version","status","created_at","first_token_latency_ms","completion_latency_ms","retrieval_score","judge_score","decision_path","refusal_reason") VALUES('5a5ee16f-0059-43a6-930a-5d85d98c5811','web','dh9UCNGLmzRlSMXenEFmNvOMknwDx4XA',NULL,'production','說明採購流程','[]','["internal","restricted"]',0,'kgov-v1;env=production;retrieval.maxResults=8;retrieval.minScore=0.2;thresholds.directAnswerMin=0.7;thresholds.judgeMin=0.45;thresholds.answerMin=0.55;execution.maxSelfCorrectionRetry=1;models.defaultAnswer=defaultAnswer;models.agentJudge=agentJudge;features.passkey=off;features.mcpSession=off;features.cloudFallback=off;features.adminDashboard=off','accepted','2026-04-20T11:54:19.713Z',NULL,5372,0.7,NULL,'direct_answer',NULL);
INSERT INTO "query_logs" ("id","channel","user_profile_id","mcp_token_id","environment","query_redacted_text","risk_flags_json","allowed_access_levels_json","redaction_applied","config_snapshot_version","status","created_at","first_token_latency_ms","completion_latency_ms","retrieval_score","judge_score","decision_path","refusal_reason") VALUES('b148d226-4ac2-4a6a-b54a-15d81b7c371a','web','dh9UCNGLmzRlSMXenEFmNvOMknwDx4XA',NULL,'production','test','[]','["internal","restricted"]',0,'kgov-v1;env=production;retrieval.maxResults=8;retrieval.minScore=0.2;thresholds.directAnswerMin=0.7;thresholds.judgeMin=0.45;thresholds.answerMin=0.55;execution.maxSelfCorrectionRetry=1;models.defaultAnswer=defaultAnswer;models.agentJudge=agentJudge;features.passkey=off;features.mcpSession=off;features.cloudFallback=off;features.adminDashboard=off','accepted','2026-04-20T12:03:11.371Z',NULL,8354,0.5,NULL,'judge_pass_refuse','low_confidence');
INSERT INTO "query_logs" ("id","channel","user_profile_id","mcp_token_id","environment","query_redacted_text","risk_flags_json","allowed_access_levels_json","redaction_applied","config_snapshot_version","status","created_at","first_token_latency_ms","completion_latency_ms","retrieval_score","judge_score","decision_path","refusal_reason") VALUES('d2bea882-e227-499d-914f-7c67b42b29d7','web','dh9UCNGLmzRlSMXenEFmNvOMknwDx4XA',NULL,'production','採購流程','[]','["internal","restricted"]',0,'kgov-v1;env=production;retrieval.maxResults=8;retrieval.minScore=0.2;thresholds.directAnswerMin=0.7;thresholds.judgeMin=0.45;thresholds.answerMin=0.55;execution.maxSelfCorrectionRetry=1;models.defaultAnswer=defaultAnswer;models.agentJudge=agentJudge;features.passkey=off;features.mcpSession=off;features.cloudFallback=off;features.adminDashboard=off','accepted','2026-04-20T12:03:29.695Z',NULL,3696,0.71,NULL,'direct_answer',NULL);
INSERT INTO "query_logs" ("id","channel","user_profile_id","mcp_token_id","environment","query_redacted_text","risk_flags_json","allowed_access_levels_json","redaction_applied","config_snapshot_version","status","created_at","first_token_latency_ms","completion_latency_ms","retrieval_score","judge_score","decision_path","refusal_reason") VALUES('a80f4654-a275-49b5-b92f-05799322e7b3','web','dh9UCNGLmzRlSMXenEFmNvOMknwDx4XA',NULL,'production','採購流程','[]','["internal","restricted"]',0,'kgov-v1;env=production;retrieval.maxResults=8;retrieval.minScore=0.2;thresholds.directAnswerMin=0.7;thresholds.judgeMin=0.45;thresholds.answerMin=0.55;execution.maxSelfCorrectionRetry=1;models.defaultAnswer=defaultAnswer;models.agentJudge=agentJudge;features.passkey=off;features.mcpSession=off;features.cloudFallback=off;features.adminDashboard=off','accepted','2026-04-20T12:03:51.799Z',NULL,2476,0.71,NULL,'direct_answer',NULL);
CREATE TABLE IF NOT EXISTS "citation_records" (
  id TEXT PRIMARY KEY,
  query_log_id TEXT NOT NULL REFERENCES "query_logs"(id) ON DELETE CASCADE,
  document_version_id TEXT NOT NULL REFERENCES document_versions(id),
  source_chunk_id TEXT NOT NULL REFERENCES source_chunks(id),
  citation_locator TEXT NOT NULL,
  chunk_text_snapshot TEXT NOT NULL,
  created_at TEXT NOT NULL DEFAULT CURRENT_TIMESTAMP,
  expires_at TEXT NOT NULL
);
INSERT INTO "citation_records" ("id","query_log_id","document_version_id","source_chunk_id","citation_locator","chunk_text_snapshot","created_at","expires_at") VALUES('336e1f1b-9ab6-4dea-84f8-27f6163dddf0','5860ad4a-b0cc-4878-b27c-8f6da304a23c','074620bd-a079-4c7a-9a5a-d35b01b6c254','a61a7c6a-fde1-4cef-8421-48d146e91f38','lines 1-2',replace('Smoke Test 0418 — AutoRAG 驗收\n這份文件用於驗證 AutoRAG indexing pipeline（task 8.5 / 8.6）是否能把 per-chunk R2 物件正確推到 indexed 狀態。','\n',char(10)),'2026-04-18T15:53:12.105Z','2026-10-15T15:53:12.105Z');
INSERT INTO "citation_records" ("id","query_log_id","document_version_id","source_chunk_id","citation_locator","chunk_text_snapshot","created_at","expires_at") VALUES('644ee928-000d-4b84-873a-869aec401aeb','009cc829-c5ab-479c-b495-6d1384e330be','3d2bd549-707f-4c44-87f1-06c3e703fa46','382ba5b9-1a84-430a-a3bf-da07adfee648','lines 35-35','如果問「紫色長頸鹿做什麼？」應該只從 v2 找到答案（v1 不該被命中，因為已經不是 current version）。','2026-04-18T16:25:23.400Z','2026-10-15T16:25:23.400Z');
INSERT INTO "citation_records" ("id","query_log_id","document_version_id","source_chunk_id","citation_locator","chunk_text_snapshot","created_at","expires_at") VALUES('46c7eda0-4c4b-42d4-ab9e-9441a9f180b9','009cc829-c5ab-479c-b495-6d1384e330be','3d2bd549-707f-4c44-87f1-06c3e703fa46','39db37b0-fa2c-4856-ad3a-474a87ad442f','lines 33-33','這段內容只有 v2 才有，v1 完全沒提到紫色長頸鹿。','2026-04-18T16:25:23.400Z','2026-10-15T16:25:23.400Z');
INSERT INTO "citation_records" ("id","query_log_id","document_version_id","source_chunk_id","citation_locator","chunk_text_snapshot","created_at","expires_at") VALUES('966a36e8-e7a6-4c2a-bb13-22919fdccdc0','009cc829-c5ab-479c-b495-6d1384e330be','3d2bd549-707f-4c44-87f1-06c3e703fa46','59dab7bf-e6cf-47cc-9989-716b5f8396dc','lines 30-31',replace('v2 新增章節 — 驗證 current-version-only\nv2 專屬口令：紫色長頸鹿在月亮上跳舞。','\n',char(10)),'2026-04-18T16:25:23.400Z','2026-10-15T16:25:23.400Z');
INSERT INTO "citation_records" ("id","query_log_id","document_version_id","source_chunk_id","citation_locator","chunk_text_snapshot","created_at","expires_at") VALUES('519cdeb5-d195-49f7-9dee-c443db7eebb9','009cc829-c5ab-479c-b495-6d1384e330be','3d2bd549-707f-4c44-87f1-06c3e703fa46','e9701f59-a323-4423-9316-dfd4be477072','lines 16-17',replace('「AutoRAG 驗收文件的測試目的是什麼？」\n「Smoke Test 0418 預計推進哪些狀態？」','\n',char(10)),'2026-04-18T16:25:23.400Z','2026-10-15T16:25:23.400Z');
INSERT INTO "citation_records" ("id","query_log_id","document_version_id","source_chunk_id","citation_locator","chunk_text_snapshot","created_at","expires_at") VALUES('3ee5321f-6aa0-41b3-9ecc-6af72bd0361b','a535cce8-5f28-4933-9913-7d06fe7bb503','3d2bd549-707f-4c44-87f1-06c3e703fa46','e9701f59-a323-4423-9316-dfd4be477072','lines 16-17',replace('「AutoRAG 驗收文件的測試目的是什麼？」\n「Smoke Test 0418 預計推進哪些狀態？」','\n',char(10)),'2026-04-18T17:16:26.392Z','2026-10-15T17:16:26.392Z');
INSERT INTO "citation_records" ("id","query_log_id","document_version_id","source_chunk_id","citation_locator","chunk_text_snapshot","created_at","expires_at") VALUES('53c6f000-2480-4f50-926b-e3fc506ff949','a535cce8-5f28-4933-9913-7d06fe7bb503','3d2bd549-707f-4c44-87f1-06c3e703fa46','d91c061d-9a6e-4a02-8db3-9c745ab74b70','lines 1-2',replace('Smoke Test 0418 — AutoRAG 驗收\n這份文件用於驗證 AutoRAG indexing pipeline（task 8.5 / 8.6）是否能把 per-chunk R2 物件正確推到 indexed 狀態。','\n',char(10)),'2026-04-18T17:16:26.392Z','2026-10-15T17:16:26.392Z');
INSERT INTO "citation_records" ("id","query_log_id","document_version_id","source_chunk_id","citation_locator","chunk_text_snapshot","created_at","expires_at") VALUES('18505529-43a0-4639-8684-5cdbc312bb8e','a535cce8-5f28-4933-9913-7d06fe7bb503','3d2bd549-707f-4c44-87f1-06c3e703fa46','e4a1f79f-d858-4ca0-bc87-0ecf0ecc8561','lines 21-22',replace('預期 citation locator\n本文件共三段小節（測試目的、驗收提問腳本、預期 citation locator）。AutoRAG retrieval 應能把使用者的問題 match 到對應段落，並顯示 citationlocator 指向該 chunk。','\n',char(10)),'2026-04-18T17:16:26.392Z','2026-10-15T17:16:26.392Z');
INSERT INTO "citation_records" ("id","query_log_id","document_version_id","source_chunk_id","citation_locator","chunk_text_snapshot","created_at","expires_at") VALUES('a0832970-aea3-47f7-b310-1c405023a5cb','a535cce8-5f28-4933-9913-7d06fe7bb503','3d2bd549-707f-4c44-87f1-06c3e703fa46','21fb3b07-e88e-497a-9c1f-e6e13c41b172','lines 7-11',replace('1. Upload wizard 的 select → upload → finalize → sync 步驟能正常走完\n2. Sync 完成後，R2 bucket 的 normalized-text/<versionId/ 底下會出現 per-chunk 物件\n3. 每個 chunk 物件的 customMetadata 包含 status、versionstate、accesslevel、categoryslug、citationlocator、documentversionid、title\n4. AutoRAG 會自動 crawl 新物件並建立向量索引\n5. documentversions.indexstatus 會從 preprocessing 推進到 smokepending、最後到 indexed','\n',char(10)),'2026-04-18T17:16:26.392Z','2026-10-15T17:16:26.392Z');
INSERT INTO "citation_records" ("id","query_log_id","document_version_id","source_chunk_id","citation_locator","chunk_text_snapshot","created_at","expires_at") VALUES('880cc80c-cd39-4f9a-a481-a7ece42c6d62','a535cce8-5f28-4933-9913-7d06fe7bb503','3d2bd549-707f-4c44-87f1-06c3e703fa46','6a993570-4cb2-4f3d-85ad-c6a165fbdab3','lines 4-5',replace('測試目的\n確認以下五件事在 staging 環境成立：','\n',char(10)),'2026-04-18T17:16:26.392Z','2026-10-15T17:16:26.392Z');
INSERT INTO "citation_records" ("id","query_log_id","document_version_id","source_chunk_id","citation_locator","chunk_text_snapshot","created_at","expires_at") VALUES('e174a4cb-e2a4-4dcd-8777-b87b329890a4','e4217fc3-35e3-42b3-8415-22a5009e6b2b','887c2eb2-50e0-4945-a2a1-aa83d8f56256','eaf7f2d1-dbd6-4d0a-a174-e8355aca64a6','line 1','機密專案代號「暗紫玫瑰」的啟動日期是 2026 年 4 月 30 日，預算 NT$ 100 萬。','2026-04-18T17:45:24.576Z','2026-10-15T17:45:24.576Z');
INSERT INTO "citation_records" ("id","query_log_id","document_version_id","source_chunk_id","citation_locator","chunk_text_snapshot","created_at","expires_at") VALUES('5118f1d6-41e4-4d92-8127-826d53969076','e4217fc3-35e3-42b3-8415-22a5009e6b2b','3d2bd549-707f-4c44-87f1-06c3e703fa46','39db37b0-fa2c-4856-ad3a-474a87ad442f','lines 33-33','這段內容只有 v2 才有，v1 完全沒提到紫色長頸鹿。','2026-04-18T17:45:24.576Z','2026-10-15T17:45:24.576Z');
INSERT INTO "citation_records" ("id","query_log_id","document_version_id","source_chunk_id","citation_locator","chunk_text_snapshot","created_at","expires_at") VALUES('e538a3e3-b9f5-4479-9c8d-848953ca0eed','e4217fc3-35e3-42b3-8415-22a5009e6b2b','3d2bd549-707f-4c44-87f1-06c3e703fa46','382ba5b9-1a84-430a-a3bf-da07adfee648','lines 35-35','如果問「紫色長頸鹿做什麼？」應該只從 v2 找到答案（v1 不該被命中，因為已經不是 current version）。','2026-04-18T17:45:24.576Z','2026-10-15T17:45:24.576Z');
INSERT INTO "citation_records" ("id","query_log_id","document_version_id","source_chunk_id","citation_locator","chunk_text_snapshot","created_at","expires_at") VALUES('b59031b0-14e3-42d1-bff6-cda48f157c1e','e4217fc3-35e3-42b3-8415-22a5009e6b2b','3d2bd549-707f-4c44-87f1-06c3e703fa46','e9701f59-a323-4423-9316-dfd4be477072','lines 16-17',replace('「AutoRAG 驗收文件的測試目的是什麼？」\n「Smoke Test 0418 預計推進哪些狀態？」','\n',char(10)),'2026-04-18T17:45:24.576Z','2026-10-15T17:45:24.576Z');
INSERT INTO "citation_records" ("id","query_log_id","document_version_id","source_chunk_id","citation_locator","chunk_text_snapshot","created_at","expires_at") VALUES('d3207cb1-1569-47c9-a3fc-247588cbd3d1','e4217fc3-35e3-42b3-8415-22a5009e6b2b','3d2bd549-707f-4c44-87f1-06c3e703fa46','59dab7bf-e6cf-47cc-9989-716b5f8396dc','lines 30-31',replace('v2 新增章節 — 驗證 current-version-only\nv2 專屬口令：紫色長頸鹿在月亮上跳舞。','\n',char(10)),'2026-04-18T17:45:24.576Z','2026-10-15T17:45:24.576Z');
INSERT INTO "citation_records" ("id","query_log_id","document_version_id","source_chunk_id","citation_locator","chunk_text_snapshot","created_at","expires_at") VALUES('96b8342e-e886-46b3-980a-37fe04fed332','e4217fc3-35e3-42b3-8415-22a5009e6b2b','3d2bd549-707f-4c44-87f1-06c3e703fa46','cee6dbc9-8efb-422f-9054-4090b144d268','lines 24-28',replace('版本標記\nVersion: v2\nDate: 2026-04-19\nOwner: Charles (charles.yudefine@gmail.com)\nPurpose: Task 8.6 / B2 / B3 end-to-end smoke test','\n',char(10)),'2026-04-18T17:45:24.576Z','2026-10-15T17:45:24.576Z');
INSERT INTO "citation_records" ("id","query_log_id","document_version_id","source_chunk_id","citation_locator","chunk_text_snapshot","created_at","expires_at") VALUES('e5a12b10-154f-47de-b6fa-baccf6caea50','e4217fc3-35e3-42b3-8415-22a5009e6b2b','3d2bd549-707f-4c44-87f1-06c3e703fa46','d91c061d-9a6e-4a02-8db3-9c745ab74b70','lines 1-2',replace('Smoke Test 0418 — AutoRAG 驗收\n這份文件用於驗證 AutoRAG indexing pipeline（task 8.5 / 8.6）是否能把 per-chunk R2 物件正確推到 indexed 狀態。','\n',char(10)),'2026-04-18T17:45:24.576Z','2026-10-15T17:45:24.576Z');
INSERT INTO "citation_records" ("id","query_log_id","document_version_id","source_chunk_id","citation_locator","chunk_text_snapshot","created_at","expires_at") VALUES('f77a9a36-5af1-49a4-999c-cbec89148d74','48deff10-8ba5-4fea-9c70-8c6bc4846003','793f61e7-a086-4829-9832-01b5db7381bd','c7c787b1-03ef-4463-9432-6fe78db940fd','lines 4-9',replace('採購作業步驟\n1. 需求單位提出採購申請。\n2. 採購人員評估需求並尋找合格供應商。\n3. 取得至少三家報價單進行比價。\n4. 主管簽核後發出採購單。\n5. 驗收入庫與財務付款。','\n',char(10)),'2026-04-19T06:27:46.757Z','2026-10-16T06:27:46.757Z');
INSERT INTO "citation_records" ("id","query_log_id","document_version_id","source_chunk_id","citation_locator","chunk_text_snapshot","created_at","expires_at") VALUES('a00a18b4-ef0f-488a-aa80-7e532e9d6de8','48deff10-8ba5-4fea-9c70-8c6bc4846003','92f763cf-c41e-4f61-993f-64930ea920a3','0b714cf6-f475-47d6-8f87-74df28fac750','lines 4-9',replace('採購作業步驟\n1. 需求單位提出採購申請。\n2. 採購人員評估需求並尋找合格供應商。\n3. 取得至少三家報價單進行比價。\n4. 主管簽核後發出採購單。\n5. 驗收入庫與財務付款。','\n',char(10)),'2026-04-19T06:27:46.757Z','2026-10-16T06:27:46.757Z');
INSERT INTO "citation_records" ("id","query_log_id","document_version_id","source_chunk_id","citation_locator","chunk_text_snapshot","created_at","expires_at") VALUES('f3e1e1d0-7cd6-4fb2-aa0a-fd69bf60d7a7','48deff10-8ba5-4fea-9c70-8c6bc4846003','793f61e7-a086-4829-9832-01b5db7381bd','54b2ef28-3f41-4cb5-b8fb-0729d2da8a61','lines 1-2',replace('採購流程\n本文件用於人工驗收 5.1 中文檔名保留驗證。','\n',char(10)),'2026-04-19T06:27:46.757Z','2026-10-16T06:27:46.757Z');
INSERT INTO "citation_records" ("id","query_log_id","document_version_id","source_chunk_id","citation_locator","chunk_text_snapshot","created_at","expires_at") VALUES('18e4313f-6299-4dcd-872d-0046e29565a7','48deff10-8ba5-4fea-9c70-8c6bc4846003','92f763cf-c41e-4f61-993f-64930ea920a3','06de3d4b-5b85-49bd-b628-eeeec17edefb','lines 1-2',replace('採購流程\n本文件用於人工驗收 5.1 中文檔名保留驗證。','\n',char(10)),'2026-04-19T06:27:46.757Z','2026-10-16T06:27:46.757Z');
INSERT INTO "citation_records" ("id","query_log_id","document_version_id","source_chunk_id","citation_locator","chunk_text_snapshot","created_at","expires_at") VALUES('56982961-e2e0-4d92-9087-155f68fcace5','e60a5a88-81e2-4635-b27c-6b5fe66d53e7','92f763cf-c41e-4f61-993f-64930ea920a3','0b714cf6-f475-47d6-8f87-74df28fac750','lines 4-9',replace('採購作業步驟\n1. 需求單位提出採購申請。\n2. 採購人員評估需求並尋找合格供應商。\n3. 取得至少三家報價單進行比價。\n4. 主管簽核後發出採購單。\n5. 驗收入庫與財務付款。','\n',char(10)),'2026-04-19T06:35:16.686Z','2026-10-16T06:35:16.686Z');
INSERT INTO "citation_records" ("id","query_log_id","document_version_id","source_chunk_id","citation_locator","chunk_text_snapshot","created_at","expires_at") VALUES('d07884e0-8bcd-4e34-86f2-95029568cb9e','e60a5a88-81e2-4635-b27c-6b5fe66d53e7','92f763cf-c41e-4f61-993f-64930ea920a3','06de3d4b-5b85-49bd-b628-eeeec17edefb','lines 1-2',replace('採購流程\n本文件用於人工驗收 5.1 中文檔名保留驗證。','\n',char(10)),'2026-04-19T06:35:16.686Z','2026-10-16T06:35:16.686Z');
INSERT INTO "citation_records" ("id","query_log_id","document_version_id","source_chunk_id","citation_locator","chunk_text_snapshot","created_at","expires_at") VALUES('188b4d86-9b14-4e23-9ebf-e0c8e53cf5fa','f2e42599-89a3-48d7-9b63-b8a4f1061e2c','793f61e7-a086-4829-9832-01b5db7381bd','c7c787b1-03ef-4463-9432-6fe78db940fd','lines 4-9',replace('採購作業步驟\n1. 需求單位提出採購申請。\n2. 採購人員評估需求並尋找合格供應商。\n3. 取得至少三家報價單進行比價。\n4. 主管簽核後發出採購單。\n5. 驗收入庫與財務付款。','\n',char(10)),'2026-04-19T06:36:10.146Z','2026-10-16T06:36:10.146Z');
INSERT INTO "citation_records" ("id","query_log_id","document_version_id","source_chunk_id","citation_locator","chunk_text_snapshot","created_at","expires_at") VALUES('7e30756b-242c-40b4-82ab-edcafc0ffa1c','f2e42599-89a3-48d7-9b63-b8a4f1061e2c','92f763cf-c41e-4f61-993f-64930ea920a3','0b714cf6-f475-47d6-8f87-74df28fac750','lines 4-9',replace('採購作業步驟\n1. 需求單位提出採購申請。\n2. 採購人員評估需求並尋找合格供應商。\n3. 取得至少三家報價單進行比價。\n4. 主管簽核後發出採購單。\n5. 驗收入庫與財務付款。','\n',char(10)),'2026-04-19T06:36:10.146Z','2026-10-16T06:36:10.146Z');
INSERT INTO "citation_records" ("id","query_log_id","document_version_id","source_chunk_id","citation_locator","chunk_text_snapshot","created_at","expires_at") VALUES('510c0da9-32df-4a23-8290-5b33fedde19d','f2e42599-89a3-48d7-9b63-b8a4f1061e2c','793f61e7-a086-4829-9832-01b5db7381bd','54b2ef28-3f41-4cb5-b8fb-0729d2da8a61','lines 1-2',replace('採購流程\n本文件用於人工驗收 5.1 中文檔名保留驗證。','\n',char(10)),'2026-04-19T06:36:10.146Z','2026-10-16T06:36:10.146Z');
INSERT INTO "citation_records" ("id","query_log_id","document_version_id","source_chunk_id","citation_locator","chunk_text_snapshot","created_at","expires_at") VALUES('79fc9693-18a0-4db1-b151-106aca11e25a','f2e42599-89a3-48d7-9b63-b8a4f1061e2c','92f763cf-c41e-4f61-993f-64930ea920a3','06de3d4b-5b85-49bd-b628-eeeec17edefb','lines 1-2',replace('採購流程\n本文件用於人工驗收 5.1 中文檔名保留驗證。','\n',char(10)),'2026-04-19T06:36:10.146Z','2026-10-16T06:36:10.146Z');
INSERT INTO "citation_records" ("id","query_log_id","document_version_id","source_chunk_id","citation_locator","chunk_text_snapshot","created_at","expires_at") VALUES('b17ee646-ad90-48de-ab48-5d7031a6d64a','1533dc38-5069-4a9a-a192-12292b88bc5d','793f61e7-a086-4829-9832-01b5db7381bd','c7c787b1-03ef-4463-9432-6fe78db940fd','lines 4-9',replace('採購作業步驟\n1. 需求單位提出採購申請。\n2. 採購人員評估需求並尋找合格供應商。\n3. 取得至少三家報價單進行比價。\n4. 主管簽核後發出採購單。\n5. 驗收入庫與財務付款。','\n',char(10)),'2026-04-19T06:36:27.896Z','2026-10-16T06:36:27.896Z');
INSERT INTO "citation_records" ("id","query_log_id","document_version_id","source_chunk_id","citation_locator","chunk_text_snapshot","created_at","expires_at") VALUES('7ca0806f-0bee-4774-9fc2-e87d565f4050','1533dc38-5069-4a9a-a192-12292b88bc5d','92f763cf-c41e-4f61-993f-64930ea920a3','0b714cf6-f475-47d6-8f87-74df28fac750','lines 4-9',replace('採購作業步驟\n1. 需求單位提出採購申請。\n2. 採購人員評估需求並尋找合格供應商。\n3. 取得至少三家報價單進行比價。\n4. 主管簽核後發出採購單。\n5. 驗收入庫與財務付款。','\n',char(10)),'2026-04-19T06:36:27.896Z','2026-10-16T06:36:27.896Z');
INSERT INTO "citation_records" ("id","query_log_id","document_version_id","source_chunk_id","citation_locator","chunk_text_snapshot","created_at","expires_at") VALUES('6dedf423-e734-47bd-b75d-f8b7a27a458f','1533dc38-5069-4a9a-a192-12292b88bc5d','793f61e7-a086-4829-9832-01b5db7381bd','54b2ef28-3f41-4cb5-b8fb-0729d2da8a61','lines 1-2',replace('採購流程\n本文件用於人工驗收 5.1 中文檔名保留驗證。','\n',char(10)),'2026-04-19T06:36:27.896Z','2026-10-16T06:36:27.896Z');
INSERT INTO "citation_records" ("id","query_log_id","document_version_id","source_chunk_id","citation_locator","chunk_text_snapshot","created_at","expires_at") VALUES('82190244-a27f-4098-bffc-60788820105b','1533dc38-5069-4a9a-a192-12292b88bc5d','92f763cf-c41e-4f61-993f-64930ea920a3','06de3d4b-5b85-49bd-b628-eeeec17edefb','lines 1-2',replace('採購流程\n本文件用於人工驗收 5.1 中文檔名保留驗證。','\n',char(10)),'2026-04-19T06:36:27.896Z','2026-10-16T06:36:27.896Z');
INSERT INTO "citation_records" ("id","query_log_id","document_version_id","source_chunk_id","citation_locator","chunk_text_snapshot","created_at","expires_at") VALUES('0ad185e1-00ca-4817-98a8-83834742d48b','5a5ee16f-0059-43a6-930a-5d85d98c5811','793f61e7-a086-4829-9832-01b5db7381bd','c7c787b1-03ef-4463-9432-6fe78db940fd','lines 4-9',replace('採購作業步驟\n1. 需求單位提出採購申請。\n2. 採購人員評估需求並尋找合格供應商。\n3. 取得至少三家報價單進行比價。\n4. 主管簽核後發出採購單。\n5. 驗收入庫與財務付款。','\n',char(10)),'2026-04-20T11:54:25.082Z','2026-10-17T11:54:25.082Z');
INSERT INTO "citation_records" ("id","query_log_id","document_version_id","source_chunk_id","citation_locator","chunk_text_snapshot","created_at","expires_at") VALUES('dc641a5e-121c-4975-995c-d81d8c690967','5a5ee16f-0059-43a6-930a-5d85d98c5811','793f61e7-a086-4829-9832-01b5db7381bd','54b2ef28-3f41-4cb5-b8fb-0729d2da8a61','lines 1-2',replace('採購流程\n本文件用於人工驗收 5.1 中文檔名保留驗證。','\n',char(10)),'2026-04-20T11:54:25.082Z','2026-10-17T11:54:25.082Z');
INSERT INTO "citation_records" ("id","query_log_id","document_version_id","source_chunk_id","citation_locator","chunk_text_snapshot","created_at","expires_at") VALUES('bb8f9dc1-b686-4a16-b803-0a05541e02dc','d2bea882-e227-499d-914f-7c67b42b29d7','793f61e7-a086-4829-9832-01b5db7381bd','c7c787b1-03ef-4463-9432-6fe78db940fd','lines 4-9',replace('採購作業步驟\n1. 需求單位提出採購申請。\n2. 採購人員評估需求並尋找合格供應商。\n3. 取得至少三家報價單進行比價。\n4. 主管簽核後發出採購單。\n5. 驗收入庫與財務付款。','\n',char(10)),'2026-04-20T12:03:33.388Z','2026-10-17T12:03:33.388Z');
INSERT INTO "citation_records" ("id","query_log_id","document_version_id","source_chunk_id","citation_locator","chunk_text_snapshot","created_at","expires_at") VALUES('dbddaa07-0a8d-4efe-b75c-7a069ec19ad5','d2bea882-e227-499d-914f-7c67b42b29d7','793f61e7-a086-4829-9832-01b5db7381bd','54b2ef28-3f41-4cb5-b8fb-0729d2da8a61','lines 1-2',replace('採購流程\n本文件用於人工驗收 5.1 中文檔名保留驗證。','\n',char(10)),'2026-04-20T12:03:33.388Z','2026-10-17T12:03:33.388Z');
INSERT INTO "citation_records" ("id","query_log_id","document_version_id","source_chunk_id","citation_locator","chunk_text_snapshot","created_at","expires_at") VALUES('06030fb0-7560-4323-9c23-50beca2bec1d','a80f4654-a275-49b5-b92f-05799322e7b3','793f61e7-a086-4829-9832-01b5db7381bd','c7c787b1-03ef-4463-9432-6fe78db940fd','lines 4-9',replace('採購作業步驟\n1. 需求單位提出採購申請。\n2. 採購人員評估需求並尋找合格供應商。\n3. 取得至少三家報價單進行比價。\n4. 主管簽核後發出採購單。\n5. 驗收入庫與財務付款。','\n',char(10)),'2026-04-20T12:03:54.277Z','2026-10-17T12:03:54.277Z');
INSERT INTO "citation_records" ("id","query_log_id","document_version_id","source_chunk_id","citation_locator","chunk_text_snapshot","created_at","expires_at") VALUES('c847b21d-9bdd-4bf8-ae42-141eeea11aef','a80f4654-a275-49b5-b92f-05799322e7b3','793f61e7-a086-4829-9832-01b5db7381bd','54b2ef28-3f41-4cb5-b8fb-0729d2da8a61','lines 1-2',replace('採購流程\n本文件用於人工驗收 5.1 中文檔名保留驗證。','\n',char(10)),'2026-04-20T12:03:54.277Z','2026-10-17T12:03:54.277Z');
CREATE TABLE IF NOT EXISTS "messages" (
  id TEXT PRIMARY KEY,
  query_log_id TEXT REFERENCES "query_logs"(id) ON DELETE SET NULL,
  user_profile_id TEXT REFERENCES user_profiles(id),
  channel TEXT NOT NULL CHECK (channel IN ('web', 'mcp')),
  role TEXT NOT NULL CHECK (role IN ('system', 'user', 'assistant', 'tool')),
  content_redacted TEXT NOT NULL,
  risk_flags_json TEXT NOT NULL DEFAULT '[]',
  redaction_applied INTEGER NOT NULL DEFAULT 0 CHECK (redaction_applied IN (0, 1)),
  created_at TEXT NOT NULL DEFAULT CURRENT_TIMESTAMP,
  conversation_id TEXT REFERENCES conversations(id) ON DELETE CASCADE,
  citations_json TEXT NOT NULL DEFAULT '[]',
  content_text TEXT
);
INSERT INTO "messages" ("id","query_log_id","user_profile_id","channel","role","content_redacted","risk_flags_json","redaction_applied","created_at","conversation_id","citations_json","content_text") VALUES('85a640f7-c69e-44bf-bab7-3a83bf6b07e3','5d3f9864-7ab8-4506-bfd5-96920d3f244b','dh9UCNGLmzRlSMXenEFmNvOMknwDx4XA','web','user','test','[]',0,'2026-04-18T02:26:29.112Z',NULL,'[]',NULL);
INSERT INTO "messages" ("id","query_log_id","user_profile_id","channel","role","content_redacted","risk_flags_json","redaction_applied","created_at","conversation_id","citations_json","content_text") VALUES('5b65fec2-d02d-4033-8ed4-af0724f41414','50c8775b-2b3a-4e90-97d0-35cf0e03f0f2','dh9UCNGLmzRlSMXenEFmNvOMknwDx4XA','web','user','test','[]',0,'2026-04-18T02:28:49.930Z',NULL,'[]',NULL);
INSERT INTO "messages" ("id","query_log_id","user_profile_id","channel","role","content_redacted","risk_flags_json","redaction_applied","created_at","conversation_id","citations_json","content_text") VALUES('f4712449-abdc-4862-86c9-6f652aa70229','70e02cfb-d2f2-4bed-bf34-3039970a0123','dh9UCNGLmzRlSMXenEFmNvOMknwDx4XA','web','user','OK','[]',0,'2026-04-18T02:35:32.570Z',NULL,'[]',NULL);
INSERT INTO "messages" ("id","query_log_id","user_profile_id","channel","role","content_redacted","risk_flags_json","redaction_applied","created_at","conversation_id","citations_json","content_text") VALUES('972a369a-1712-4a6f-931a-2d9150fe477d','ac556d55-26ba-40c2-a4a7-789f60b08048','dh9UCNGLmzRlSMXenEFmNvOMknwDx4XA','web','user','OK','[]',0,'2026-04-18T02:42:22.931Z',NULL,'[]',NULL);
INSERT INTO "messages" ("id","query_log_id","user_profile_id","channel","role","content_redacted","risk_flags_json","redaction_applied","created_at","conversation_id","citations_json","content_text") VALUES('cd0e8e5b-f433-474f-a950-79725f778f83','1b097220-dd9b-4626-804f-c15ef64ba292','dh9UCNGLmzRlSMXenEFmNvOMknwDx4XA','web','user','採購金額 30 萬元需要誰簽核？','[]',0,'2026-04-18T05:36:24.389Z',NULL,'[]',NULL);
INSERT INTO "messages" ("id","query_log_id","user_profile_id","channel","role","content_redacted","risk_flags_json","redaction_applied","created_at","conversation_id","citations_json","content_text") VALUES('9c1a3559-8c6d-4e42-9069-223653b68576','8c38cd69-1a9f-4860-a433-5ce8bb4f2a5e','dh9UCNGLmzRlSMXenEFmNvOMknwDx4XA','web','user','採購金額 30 萬元需要誰簽核？','[]',0,'2026-04-18T05:36:34.208Z',NULL,'[]',NULL);
INSERT INTO "messages" ("id","query_log_id","user_profile_id","channel","role","content_redacted","risk_flags_json","redaction_applied","created_at","conversation_id","citations_json","content_text") VALUES('eab034ae-b99b-475c-8711-aaeaeb094cf2','66b1d9fe-4952-4591-8441-5340ad1fb0b6','dh9UCNGLmzRlSMXenEFmNvOMknwDx4XA','web','user','這個系統用什麼做語意搜尋？','[]',0,'2026-04-18T05:39:12.634Z',NULL,'[]',NULL);
INSERT INTO "messages" ("id","query_log_id","user_profile_id","channel","role","content_redacted","risk_flags_json","redaction_applied","created_at","conversation_id","citations_json","content_text") VALUES('a19f9c37-8677-453d-8f46-f5802bed443d','5c602c67-5e85-49d9-8f4f-3bc5e496dd7d','dh9UCNGLmzRlSMXenEFmNvOMknwDx4XA','web','user','如何申請報帳？','[]',0,'2026-04-18T12:46:34.198Z',NULL,'[]',NULL);
INSERT INTO "messages" ("id","query_log_id","user_profile_id","channel","role","content_redacted","risk_flags_json","redaction_applied","created_at","conversation_id","citations_json","content_text") VALUES('eaef018d-d438-46cb-b09a-0e5e3f5acc17','8b03991e-0397-4b68-98ab-04fd9192899f','dh9UCNGLmzRlSMXenEFmNvOMknwDx4XA','web','user','AutoRAG 驗收文件的測試目的是什麼？','[]',0,'2026-04-18T13:00:33.675Z',NULL,'[]',NULL);
INSERT INTO "messages" ("id","query_log_id","user_profile_id","channel","role","content_redacted","risk_flags_json","redaction_applied","created_at","conversation_id","citations_json","content_text") VALUES('56d9cd7a-6245-40cb-98d1-af6805b96dd3','15b0a009-f8e0-4461-97df-344e60faf917','dh9UCNGLmzRlSMXenEFmNvOMknwDx4XA','web','user','AutoRAG 驗收文件的測試目的是什麼？','[]',0,'2026-04-18T14:22:47.483Z','8b554cc0-d0a5-4421-9ab4-becdfafa9199','[]','AutoRAG 驗收文件的測試目的是什麼？');
INSERT INTO "messages" ("id","query_log_id","user_profile_id","channel","role","content_redacted","risk_flags_json","redaction_applied","created_at","conversation_id","citations_json","content_text") VALUES('61993ad9-e96f-41a9-a108-34aa5fc1102f','6e9be250-24a0-463a-968a-ff6c4f9f3537','dh9UCNGLmzRlSMXenEFmNvOMknwDx4XA','web','user','AutoRAG 驗收文件的測試目的是什麼？','[]',0,'2026-04-18T15:35:45.690Z','205069bd-2a4b-44f2-9038-57df937126fe','[]','AutoRAG 驗收文件的測試目的是什麼？');
INSERT INTO "messages" ("id","query_log_id","user_profile_id","channel","role","content_redacted","risk_flags_json","redaction_applied","created_at","conversation_id","citations_json","content_text") VALUES('7953e7eb-4b9e-4351-8469-de670eeec050','91915582-c464-4feb-a736-a0d23c2724c4','dh9UCNGLmzRlSMXenEFmNvOMknwDx4XA','web','user',replace('{\n  "error": true,\n  "url": "https://agentic.yudefine.com.tw/api/chat",\n  "statusCode": 403,\n  "statusMessage": "CSRF Token Mismatch",\n  "message": "CSRF Token invalid"\n}','\n',char(10)),'[]',0,'2026-04-18T15:40:02.556Z','0d448dd0-2768-4579-8a3d-f08d2cbeeb55','[]',replace('{\n  "error": true,\n  "url": "https://agentic.yudefine.com.tw/api/chat",\n  "statusCode": 403,\n  "statusMessage": "CSRF Token Mismatch",\n  "message": "CSRF Token invalid"\n}','\n',char(10)));
INSERT INTO "messages" ("id","query_log_id","user_profile_id","channel","role","content_redacted","risk_flags_json","redaction_applied","created_at","conversation_id","citations_json","content_text") VALUES('62e2396a-266d-4d9b-8729-1339a4cdfcfb','688bce59-2547-4a7a-9f4f-2515f62a190f','dh9UCNGLmzRlSMXenEFmNvOMknwDx4XA','web','user','AutoRAG 驗收文件的測試目的是什麼？','[]',0,'2026-04-18T15:40:09.210Z','9cf093b3-b862-40d2-b260-2b081b258664','[]','AutoRAG 驗收文件的測試目的是什麼？');
INSERT INTO "messages" ("id","query_log_id","user_profile_id","channel","role","content_redacted","risk_flags_json","redaction_applied","created_at","conversation_id","citations_json","content_text") VALUES('f29c49cd-046f-46d4-9671-2c5ae34fda63','472b70df-9a8d-4051-a64c-f8ef3bf8214f','dh9UCNGLmzRlSMXenEFmNvOMknwDx4XA','web','user','AutoRAG 驗收文件的測試目的是什麼？','[]',0,'2026-04-18T15:41:55.457Z','9e901105-4809-47f6-bcc2-3f94b3b008cb','[]','AutoRAG 驗收文件的測試目的是什麼？');
INSERT INTO "messages" ("id","query_log_id","user_profile_id","channel","role","content_redacted","risk_flags_json","redaction_applied","created_at","conversation_id","citations_json","content_text") VALUES('890e180a-ff3d-4ba3-96a9-7e02fbbab5bd','9e6ffa91-38d5-4a68-b90f-7aaaa32f514d','dh9UCNGLmzRlSMXenEFmNvOMknwDx4XA','web','user','AutoRAG 驗收文件的測試目的是什麼？','[]',0,'2026-04-18T15:43:00.561Z','f08f33a0-a7ff-4971-9fc2-1c966bdb6375','[]','AutoRAG 驗收文件的測試目的是什麼？');
INSERT INTO "messages" ("id","query_log_id","user_profile_id","channel","role","content_redacted","risk_flags_json","redaction_applied","created_at","conversation_id","citations_json","content_text") VALUES('e3b378ac-2d57-4add-b5f3-2911771050e4','29428ce5-edfd-4040-9969-15c2bc3a9dc2','dh9UCNGLmzRlSMXenEFmNvOMknwDx4XA','web','user','AutoRAG 驗收文件的測試目的是什麼？','[]',0,'2026-04-18T15:44:16.284Z','c43420dd-9692-4cf2-ac49-f7f1aff081da','[]','AutoRAG 驗收文件的測試目的是什麼？');
INSERT INTO "messages" ("id","query_log_id","user_profile_id","channel","role","content_redacted","risk_flags_json","redaction_applied","created_at","conversation_id","citations_json","content_text") VALUES('2ab5a100-6b3f-4613-854c-1ccbc6778ad9','7809e82b-09ef-4f70-8b43-a04fa2d7e968','dh9UCNGLmzRlSMXenEFmNvOMknwDx4XA','web','user','AutoRAG 驗收文件的測試目的是什麼？','[]',0,'2026-04-18T15:48:37.161Z','c8875e15-e0ed-4509-bdb6-bbe6c24e941e','[]','AutoRAG 驗收文件的測試目的是什麼？');
INSERT INTO "messages" ("id","query_log_id","user_profile_id","channel","role","content_redacted","risk_flags_json","redaction_applied","created_at","conversation_id","citations_json","content_text") VALUES('4d9ce208-c2b0-4241-84f0-3e8a842d47c8','5860ad4a-b0cc-4878-b27c-8f6da304a23c','dh9UCNGLmzRlSMXenEFmNvOMknwDx4XA','web','user','AutoRAG 驗收文件的測試目的是什麼？','[]',0,'2026-04-18T15:53:05.428Z','8a8d7970-3a51-4401-8327-b41fe9dbefa8','[]','AutoRAG 驗收文件的測試目的是什麼？');
INSERT INTO "messages" ("id","query_log_id","user_profile_id","channel","role","content_redacted","risk_flags_json","redaction_applied","created_at","conversation_id","citations_json","content_text") VALUES('99ae23b2-b34c-45b6-85cc-ffe5ebbae36d','5860ad4a-b0cc-4878-b27c-8f6da304a23c','dh9UCNGLmzRlSMXenEFmNvOMknwDx4XA','web','assistant',replace('Smoke Test 0418 — AutoRAG 驗收\n這份文件用於驗證 AutoRAG indexing pipeline（task 8.5 / 8.6）是否能把 per-chunk R2 物件正確推到 indexed 狀態。','\n',char(10)),'[]',0,'2026-04-18T15:53:12.266Z','8a8d7970-3a51-4401-8327-b41fe9dbefa8','[{"documentVersionId":"074620bd-a079-4c7a-9a5a-d35b01b6c254"}]',replace('Smoke Test 0418 — AutoRAG 驗收\n這份文件用於驗證 AutoRAG indexing pipeline（task 8.5 / 8.6）是否能把 per-chunk R2 物件正確推到 indexed 狀態。','\n',char(10)));
INSERT INTO "messages" ("id","query_log_id","user_profile_id","channel","role","content_redacted","risk_flags_json","redaction_applied","created_at","conversation_id","citations_json","content_text") VALUES('d687ce62-da04-4f60-b9d5-ca8b531e1dec','1d139fc1-b52a-45eb-b686-1c67a8b47341','dh9UCNGLmzRlSMXenEFmNvOMknwDx4XA','web','user','今天股票哪支漲？','[]',0,'2026-04-18T15:53:54.005Z','58996e2e-6833-47fc-a502-f3bf3f441d41','[]','今天股票哪支漲？');
INSERT INTO "messages" ("id","query_log_id","user_profile_id","channel","role","content_redacted","risk_flags_json","redaction_applied","created_at","conversation_id","citations_json","content_text") VALUES('d8db6dc3-8dbf-481a-98ae-5dacbd224c00','009cc829-c5ab-479c-b495-6d1384e330be','dh9UCNGLmzRlSMXenEFmNvOMknwDx4XA','web','user','紫色長頸鹿做什麼？','[]',0,'2026-04-18T16:25:15.048Z','2699f481-8d4b-4de4-b7c8-b53d441f8d28','[]','紫色長頸鹿做什麼？');
INSERT INTO "messages" ("id","query_log_id","user_profile_id","channel","role","content_redacted","risk_flags_json","redaction_applied","created_at","conversation_id","citations_json","content_text") VALUES('40405a55-cbdc-433e-88bb-436f73c7f49b','009cc829-c5ab-479c-b495-6d1384e330be','dh9UCNGLmzRlSMXenEFmNvOMknwDx4XA','web','assistant',replace('如果問「紫色長頸鹿做什麼？」應該只從 v2 找到答案（v1 不該被命中，因為已經不是 current version）。\n\n這段內容只有 v2 才有，v1 完全沒提到紫色長頸鹿。\n\nv2 新增章節 — 驗證 current-version-only\nv2 專屬口令：紫色長頸鹿在月亮上跳舞。','\n',char(10)),'[]',0,'2026-04-18T16:25:24.041Z','2699f481-8d4b-4de4-b7c8-b53d441f8d28','[{"documentVersionId":"3d2bd549-707f-4c44-87f1-06c3e703fa46"}]',replace('如果問「紫色長頸鹿做什麼？」應該只從 v2 找到答案（v1 不該被命中，因為已經不是 current version）。\n\n這段內容只有 v2 才有，v1 完全沒提到紫色長頸鹿。\n\nv2 新增章節 — 驗證 current-version-only\nv2 專屬口令：紫色長頸鹿在月亮上跳舞。','\n',char(10)));
INSERT INTO "messages" ("id","query_log_id","user_profile_id","channel","role","content_redacted","risk_flags_json","redaction_applied","created_at","conversation_id","citations_json","content_text") VALUES('a20fc79d-d90b-4811-a84d-74f3d4333309','3e3f4612-2611-428b-9956-965058f3dcd6','dh9UCNGLmzRlSMXenEFmNvOMknwDx4XA','web','user','AutoRAG 驗收文件的測試目的是什麼？','[]',0,'2026-04-18T16:40:57.894Z','8338f947-5ea4-4273-8bc6-f57ceecdac7a','[]','AutoRAG 驗收文件的測試目的是什麼？');
INSERT INTO "messages" ("id","query_log_id","user_profile_id","channel","role","content_redacted","risk_flags_json","redaction_applied","created_at","conversation_id","citations_json","content_text") VALUES('56202435-872c-4143-bcc0-5345cba41d6c','1ab08148-44f1-48fc-a5b7-35e97b7858c9','dh9UCNGLmzRlSMXenEFmNvOMknwDx4XA','web','user','AutoRAG 驗收文件的測試目的是什麼？','[]',0,'2026-04-18T17:03:34.782Z','b7d47ad2-30c4-46be-8548-45a2759aed4f','[]','AutoRAG 驗收文件的測試目的是什麼？');
INSERT INTO "messages" ("id","query_log_id","user_profile_id","channel","role","content_redacted","risk_flags_json","redaction_applied","created_at","conversation_id","citations_json","content_text") VALUES('53b3596a-38de-4703-83fc-04b1e7290d72','ca52e267-baed-4afd-9a67-36a720396d92','dh9UCNGLmzRlSMXenEFmNvOMknwDx4XA','web','user','AutoRAG 驗收文件的測試目的是什麼？','[]',0,'2026-04-18T17:08:30.769Z','9ef7e486-373d-4876-9f26-36bbe0544ff4','[]','AutoRAG 驗收文件的測試目的是什麼？');
INSERT INTO "messages" ("id","query_log_id","user_profile_id","channel","role","content_redacted","risk_flags_json","redaction_applied","created_at","conversation_id","citations_json","content_text") VALUES('19365583-9f27-4b3e-afde-8cccd1fc4804','a535cce8-5f28-4933-9913-7d06fe7bb503','dh9UCNGLmzRlSMXenEFmNvOMknwDx4XA','web','user','AutoRAG 驗收文件的測試目的是什麼？','[]',0,'2026-04-18T17:16:18.187Z','0be94d52-54b1-47bd-b1b4-2bb99fe64085','[]','AutoRAG 驗收文件的測試目的是什麼？');
INSERT INTO "messages" ("id","query_log_id","user_profile_id","channel","role","content_redacted","risk_flags_json","redaction_applied","created_at","conversation_id","citations_json","content_text") VALUES('12eafef7-2b92-493c-8020-4f45e152d68f','a535cce8-5f28-4933-9913-7d06fe7bb503','dh9UCNGLmzRlSMXenEFmNvOMknwDx4XA','web','assistant',replace('「AutoRAG 驗收文件的測試目的是什麼？」\n「Smoke Test 0418 預計推進哪些狀態？」\n\nSmoke Test 0418 — AutoRAG 驗收\n這份文件用於驗證 AutoRAG indexing pipeline（task 8.5 / 8.6）是否能把 per-chunk R2 物件正確推到 indexed 狀態。\n\n預期 citation locator\n本文件共三段小節（測試目的、驗收提問腳本、預期 citation locator）。AutoRAG retrieval 應能把使用者的問題 match 到對應段落，並顯示 citationlocator 指向該 chunk。','\n',char(10)),'[]',0,'2026-04-18T17:16:27.179Z','0be94d52-54b1-47bd-b1b4-2bb99fe64085','[{"documentVersionId":"3d2bd549-707f-4c44-87f1-06c3e703fa46"}]',replace('「AutoRAG 驗收文件的測試目的是什麼？」\n「Smoke Test 0418 預計推進哪些狀態？」\n\nSmoke Test 0418 — AutoRAG 驗收\n這份文件用於驗證 AutoRAG indexing pipeline（task 8.5 / 8.6）是否能把 per-chunk R2 物件正確推到 indexed 狀態。\n\n預期 citation locator\n本文件共三段小節（測試目的、驗收提問腳本、預期 citation locator）。AutoRAG retrieval 應能把使用者的問題 match 到對應段落，並顯示 citationlocator 指向該 chunk。','\n',char(10)));
INSERT INTO "messages" ("id","query_log_id","user_profile_id","channel","role","content_redacted","risk_flags_json","redaction_applied","created_at","conversation_id","citations_json","content_text") VALUES('7a86907e-59c8-4148-9a2c-f77bb4d4ab4e','e4217fc3-35e3-42b3-8415-22a5009e6b2b',NULL,'mcp','user','暗紫玫瑰專案的預算是多少？','[]',0,'2026-04-18T17:45:21.509Z',NULL,'[]','暗紫玫瑰專案的預算是多少？');
INSERT INTO "messages" ("id","query_log_id","user_profile_id","channel","role","content_redacted","risk_flags_json","redaction_applied","created_at","conversation_id","citations_json","content_text") VALUES('de130034-29e7-4119-abbe-c9ff25ad5459','e4217fc3-35e3-42b3-8415-22a5009e6b2b',NULL,'mcp','assistant',replace('機密專案代號「暗紫玫瑰」的啟動日期是 2026 年 4 月 30 日，預算 NT$ 100 萬。\n\n這段內容只有 v2 才有，v1 完全沒提到紫色長頸鹿。\n\n如果問「紫色長頸鹿做什麼？」應該只從 v2 找到答案（v1 不該被命中，因為已經不是 current version）。','\n',char(10)),'[]',0,'2026-04-18T17:45:25.673Z',NULL,'[]',replace('機密專案代號「暗紫玫瑰」的啟動日期是 2026 年 4 月 30 日，預算 NT$ 100 萬。\n\n這段內容只有 v2 才有，v1 完全沒提到紫色長頸鹿。\n\n如果問「紫色長頸鹿做什麼？」應該只從 v2 找到答案（v1 不該被命中，因為已經不是 current version）。','\n',char(10)));
INSERT INTO "messages" ("id","query_log_id","user_profile_id","channel","role","content_redacted","risk_flags_json","redaction_applied","created_at","conversation_id","citations_json","content_text") VALUES('66c1a51d-2a27-470b-a3f6-59471dadba15','0350c7d9-88ba-4518-9087-88968c1cb571',NULL,'mcp','user','暗紫玫瑰專案的預算是多少？','[]',0,'2026-04-18T17:45:27.134Z',NULL,'[]','暗紫玫瑰專案的預算是多少？');
INSERT INTO "messages" ("id","query_log_id","user_profile_id","channel","role","content_redacted","risk_flags_json","redaction_applied","created_at","conversation_id","citations_json","content_text") VALUES('1df97828-5bd5-4b00-b33f-275a4c8edfe9','2a3d7e5e-6352-4d47-a8ca-1bdfb244d4c0',NULL,'mcp','user','測試','[]',0,'2026-04-18T17:47:11.527Z',NULL,'[]','測試');
INSERT INTO "messages" ("id","query_log_id","user_profile_id","channel","role","content_redacted","risk_flags_json","redaction_applied","created_at","conversation_id","citations_json","content_text") VALUES('358b0ce9-984b-47cf-9bfc-6102dedbf2ff','6b2e9caf-ea9b-4eb4-9191-9ba0ee871d36',NULL,'mcp','user','測試','[]',0,'2026-04-18T17:47:16.789Z',NULL,'[]','測試');
INSERT INTO "messages" ("id","query_log_id","user_profile_id","channel","role","content_redacted","risk_flags_json","redaction_applied","created_at","conversation_id","citations_json","content_text") VALUES('eafc4816-8cf7-480c-8a0d-aeb44321f638','ea475f7b-fed2-472f-8137-f807848b458e',NULL,'mcp','user','測試','[]',0,'2026-04-18T17:47:20.182Z',NULL,'[]','測試');
INSERT INTO "messages" ("id","query_log_id","user_profile_id","channel","role","content_redacted","risk_flags_json","redaction_applied","created_at","conversation_id","citations_json","content_text") VALUES('6af770dd-62d3-4abb-b905-940fe1431b65','1d7e6ace-b667-4204-b173-df9d40da5c30',NULL,'mcp','user','測試','[]',0,'2026-04-18T17:47:24.180Z',NULL,'[]','測試');
INSERT INTO "messages" ("id","query_log_id","user_profile_id","channel","role","content_redacted","risk_flags_json","redaction_applied","created_at","conversation_id","citations_json","content_text") VALUES('9b8b836b-9e71-4f10-a57b-2450ea87507c','9be82e6f-94af-434e-b004-afe8c2ede315',NULL,'mcp','user','測試','[]',0,'2026-04-18T17:47:27.370Z',NULL,'[]','測試');
INSERT INTO "messages" ("id","query_log_id","user_profile_id","channel","role","content_redacted","risk_flags_json","redaction_applied","created_at","conversation_id","citations_json","content_text") VALUES('3650c8ef-14f5-415a-94a8-b73ec2c09d69','7c1bfbf9-3d2d-4714-8b95-630b15fccf81',NULL,'mcp','user','測試','[]',0,'2026-04-18T17:47:30.575Z',NULL,'[]','測試');
INSERT INTO "messages" ("id","query_log_id","user_profile_id","channel","role","content_redacted","risk_flags_json","redaction_applied","created_at","conversation_id","citations_json","content_text") VALUES('25e45d92-ba74-4cea-86fc-ef7d5619df64','0db0d608-bd43-4d88-a548-32a933193fd8',NULL,'mcp','user','測試','[]',0,'2026-04-18T17:47:33.800Z',NULL,'[]','測試');
INSERT INTO "messages" ("id","query_log_id","user_profile_id","channel","role","content_redacted","risk_flags_json","redaction_applied","created_at","conversation_id","citations_json","content_text") VALUES('e71867d5-3632-4872-8645-a2257de29bbc','c9c4275f-a1f7-4bf3-b918-414660e81755',NULL,'mcp','user','測試','[]',0,'2026-04-18T17:47:37.011Z',NULL,'[]','測試');
INSERT INTO "messages" ("id","query_log_id","user_profile_id","channel","role","content_redacted","risk_flags_json","redaction_applied","created_at","conversation_id","citations_json","content_text") VALUES('436c1f9a-8b61-4d8b-a308-ee563d4b3877','650c752c-f335-4ce2-88ff-de79b6d3d1a3',NULL,'mcp','user','測試','[]',0,'2026-04-18T17:47:40.254Z',NULL,'[]','測試');
INSERT INTO "messages" ("id","query_log_id","user_profile_id","channel","role","content_redacted","risk_flags_json","redaction_applied","created_at","conversation_id","citations_json","content_text") VALUES('7da3b249-1413-4197-966a-665e0113681a','fb4e40c5-24aa-49ba-b734-17eaa76e368b',NULL,'mcp','user','測試','[]',0,'2026-04-18T17:47:43.456Z',NULL,'[]','測試');
INSERT INTO "messages" ("id","query_log_id","user_profile_id","channel","role","content_redacted","risk_flags_json","redaction_applied","created_at","conversation_id","citations_json","content_text") VALUES('626fc89a-33cb-4d13-9885-c8b669723b89','42167c7f-d6c3-4c47-9ea4-d8eaa14ddba1',NULL,'mcp','user','測試','[]',0,'2026-04-18T17:47:46.682Z',NULL,'[]','測試');
INSERT INTO "messages" ("id","query_log_id","user_profile_id","channel","role","content_redacted","risk_flags_json","redaction_applied","created_at","conversation_id","citations_json","content_text") VALUES('ac43682e-83d7-403c-8771-ec0b8e6406a6','a4848928-a685-4a26-9730-c88f5845691f',NULL,'mcp','user','測試','[]',0,'2026-04-18T17:47:49.965Z',NULL,'[]','測試');
INSERT INTO "messages" ("id","query_log_id","user_profile_id","channel","role","content_redacted","risk_flags_json","redaction_applied","created_at","conversation_id","citations_json","content_text") VALUES('88f5fee6-1fcc-419b-aff3-084ce03d4004','7612d51a-756d-4384-89bf-7dd17b2b1d60',NULL,'mcp','user','測試','[]',0,'2026-04-18T17:47:53.193Z',NULL,'[]','測試');
INSERT INTO "messages" ("id","query_log_id","user_profile_id","channel","role","content_redacted","risk_flags_json","redaction_applied","created_at","conversation_id","citations_json","content_text") VALUES('038f55ef-6abe-4a5b-acd2-2e777897dbf1','b9d9a77f-4fcc-450f-8f05-59bb6f59a64c',NULL,'mcp','user','測試','[]',0,'2026-04-18T17:47:56.395Z',NULL,'[]','測試');
INSERT INTO "messages" ("id","query_log_id","user_profile_id","channel","role","content_redacted","risk_flags_json","redaction_applied","created_at","conversation_id","citations_json","content_text") VALUES('892e9b61-466a-4663-9cda-d68947daf8e6','a2702155-6c17-4323-98ea-66a55131cac7',NULL,'mcp','user','測試','[]',0,'2026-04-18T17:47:59.612Z',NULL,'[]','測試');
INSERT INTO "messages" ("id","query_log_id","user_profile_id","channel","role","content_redacted","risk_flags_json","redaction_applied","created_at","conversation_id","citations_json","content_text") VALUES('fb02dbff-be48-4a7b-bc7d-2fdde8d0aee4','1f37a85f-709d-4207-b6fe-64ae28acafb6',NULL,'mcp','user','測試','[]',0,'2026-04-18T17:48:02.850Z',NULL,'[]','測試');
INSERT INTO "messages" ("id","query_log_id","user_profile_id","channel","role","content_redacted","risk_flags_json","redaction_applied","created_at","conversation_id","citations_json","content_text") VALUES('ec39131f-55fa-4b95-a032-84c7e36fe681','bb9c4aa5-2ad0-4e7e-9db5-d3097d380845',NULL,'mcp','user','測試','[]',0,'2026-04-18T17:48:06.078Z',NULL,'[]','測試');
INSERT INTO "messages" ("id","query_log_id","user_profile_id","channel","role","content_redacted","risk_flags_json","redaction_applied","created_at","conversation_id","citations_json","content_text") VALUES('45f932ef-9038-424c-8dfc-878138aedffe','76814085-d4b8-40fb-8470-24b102880106',NULL,'mcp','user','測試','[]',0,'2026-04-18T17:48:09.293Z',NULL,'[]','測試');
INSERT INTO "messages" ("id","query_log_id","user_profile_id","channel","role","content_redacted","risk_flags_json","redaction_applied","created_at","conversation_id","citations_json","content_text") VALUES('df788feb-1599-417a-a6ce-084cc6c23ef3','a5fe38c9-83a6-42b0-a800-e1ab85074de8',NULL,'mcp','user','測試','[]',0,'2026-04-18T17:48:12.526Z',NULL,'[]','測試');
INSERT INTO "messages" ("id","query_log_id","user_profile_id","channel","role","content_redacted","risk_flags_json","redaction_applied","created_at","conversation_id","citations_json","content_text") VALUES('0fd90529-eed9-43ad-b477-5f598dfd34eb','e9e5597f-cf8f-460b-b830-2a92ebab363a',NULL,'mcp','user','測試','[]',0,'2026-04-18T17:48:15.724Z',NULL,'[]','測試');
INSERT INTO "messages" ("id","query_log_id","user_profile_id","channel","role","content_redacted","risk_flags_json","redaction_applied","created_at","conversation_id","citations_json","content_text") VALUES('ce0be969-e342-4afa-b6f9-93c39275a4df','9ff73422-c523-4cdb-9fd0-d1e7c6ee504b',NULL,'mcp','user','測試','[]',0,'2026-04-18T17:48:18.936Z',NULL,'[]','測試');
INSERT INTO "messages" ("id","query_log_id","user_profile_id","channel","role","content_redacted","risk_flags_json","redaction_applied","created_at","conversation_id","citations_json","content_text") VALUES('e34a3be2-4928-4fbd-a132-2e82ea77cb0b','919685e2-4e08-49c6-bae8-32211bca0088',NULL,'mcp','user','測試','[]',0,'2026-04-18T17:48:22.159Z',NULL,'[]','測試');
INSERT INTO "messages" ("id","query_log_id","user_profile_id","channel","role","content_redacted","risk_flags_json","redaction_applied","created_at","conversation_id","citations_json","content_text") VALUES('ea61f938-33ae-4d99-8968-00c1d863ab41','2ed02ee5-b7ad-4900-809d-ebc7c8a447d9',NULL,'mcp','user','測試','[]',0,'2026-04-18T17:48:25.381Z',NULL,'[]','測試');
INSERT INTO "messages" ("id","query_log_id","user_profile_id","channel","role","content_redacted","risk_flags_json","redaction_applied","created_at","conversation_id","citations_json","content_text") VALUES('592b0cfb-8a0d-4828-9e96-f9abb1111ee7','bd3da154-19e1-4077-aa58-675d5435072a',NULL,'mcp','user','測試','[]',0,'2026-04-18T17:48:28.602Z',NULL,'[]','測試');
INSERT INTO "messages" ("id","query_log_id","user_profile_id","channel","role","content_redacted","risk_flags_json","redaction_applied","created_at","conversation_id","citations_json","content_text") VALUES('5708e2dd-c48d-4af8-b104-1fd306153f59','0a3f292b-ae50-417f-a56a-9726748f14f9',NULL,'mcp','user','測試','[]',0,'2026-04-18T17:48:31.790Z',NULL,'[]','測試');
INSERT INTO "messages" ("id","query_log_id","user_profile_id","channel","role","content_redacted","risk_flags_json","redaction_applied","created_at","conversation_id","citations_json","content_text") VALUES('36638bdf-8061-4c93-871e-39c2efd6c538','bc7d789a-e7a1-4665-acc0-fe0fd8f436a7',NULL,'mcp','user','測試','[]',0,'2026-04-18T17:48:35.018Z',NULL,'[]','測試');
INSERT INTO "messages" ("id","query_log_id","user_profile_id","channel","role","content_redacted","risk_flags_json","redaction_applied","created_at","conversation_id","citations_json","content_text") VALUES('eb7c4810-dfe3-432c-838f-e1200712ad8b','7d9295fe-66ad-4c1a-9674-db37d3db60ee',NULL,'mcp','user','測試','[]',0,'2026-04-18T17:48:38.276Z',NULL,'[]','測試');
INSERT INTO "messages" ("id","query_log_id","user_profile_id","channel","role","content_redacted","risk_flags_json","redaction_applied","created_at","conversation_id","citations_json","content_text") VALUES('d60e1222-ae40-43d0-9abd-9124c9f997b8','38017985-1518-4cf3-a6b7-d09efd46ee0d',NULL,'mcp','user','測試','[]',0,'2026-04-18T17:48:41.492Z',NULL,'[]','測試');
INSERT INTO "messages" ("id","query_log_id","user_profile_id","channel","role","content_redacted","risk_flags_json","redaction_applied","created_at","conversation_id","citations_json","content_text") VALUES('cb6aeb0d-d723-44ec-8c01-2b43b9bb0a92','193d4745-27f9-4311-855b-fd88fc690e42',NULL,'mcp','user','測試','[]',0,'2026-04-18T17:48:44.843Z',NULL,'[]','測試');
INSERT INTO "messages" ("id","query_log_id","user_profile_id","channel","role","content_redacted","risk_flags_json","redaction_applied","created_at","conversation_id","citations_json","content_text") VALUES('6015b595-e52d-43ce-a968-2e8179b23a37','21a9acf3-b1a1-455e-9a28-3db41de0fd48',NULL,'mcp','user','my email is [REDACTED:email] phone [REDACTED:phone] please answer','["pii:email","pii:phone"]',1,'2026-04-18T17:50:44.931Z',NULL,'[]','my email is john@sample.com phone 0912345678 please answer');
INSERT INTO "messages" ("id","query_log_id","user_profile_id","channel","role","content_redacted","risk_flags_json","redaction_applied","created_at","conversation_id","citations_json","content_text") VALUES('572a965d-1872-42ee-b5a9-e529ea096261','48deff10-8ba5-4fea-9c70-8c6bc4846003','dh9UCNGLmzRlSMXenEFmNvOMknwDx4XA','web','user','採購流程的步驟是什麼','[]',0,'2026-04-19T06:27:35.560Z','8cb08377-e00e-4a36-975d-e486d3777cae','[]','採購流程的步驟是什麼');
INSERT INTO "messages" ("id","query_log_id","user_profile_id","channel","role","content_redacted","risk_flags_json","redaction_applied","created_at","conversation_id","citations_json","content_text") VALUES('bf655ead-a1f7-4f1d-89cb-05d3fcd967a7','48deff10-8ba5-4fea-9c70-8c6bc4846003','dh9UCNGLmzRlSMXenEFmNvOMknwDx4XA','web','assistant',replace('採購作業步驟\n1. 需求單位提出採購申請。\n2. 採購人員評估需求並尋找合格供應商。\n3. 取得至少三家報價單進行比價。\n4. 主管簽核後發出採購單。\n5. 驗收入庫與財務付款。\n\n採購流程\n本文件用於人工驗收 5.1 中文檔名保留驗證。','\n',char(10)),'[]',0,'2026-04-19T06:27:47.398Z','8cb08377-e00e-4a36-975d-e486d3777cae','[{"documentVersionId":"793f61e7-a086-4829-9832-01b5db7381bd"},{"documentVersionId":"92f763cf-c41e-4f61-993f-64930ea920a3"}]',replace('採購作業步驟\n1. 需求單位提出採購申請。\n2. 採購人員評估需求並尋找合格供應商。\n3. 取得至少三家報價單進行比價。\n4. 主管簽核後發出採購單。\n5. 驗收入庫與財務付款。\n\n採購流程\n本文件用於人工驗收 5.1 中文檔名保留驗證。','\n',char(10)));
INSERT INTO "messages" ("id","query_log_id","user_profile_id","channel","role","content_redacted","risk_flags_json","redaction_applied","created_at","conversation_id","citations_json","content_text") VALUES('06e0fd27-c474-4fd8-aa2d-cb2a0dbe5332','e60a5a88-81e2-4635-b27c-6b5fe66d53e7','dh9UCNGLmzRlSMXenEFmNvOMknwDx4XA','web','user','採購流程的步驟是什麼？','[]',0,'2026-04-19T06:35:12.504Z','d47c794a-4bce-4102-9235-55b7c2bb6fdf','[]','採購流程的步驟是什麼？');
INSERT INTO "messages" ("id","query_log_id","user_profile_id","channel","role","content_redacted","risk_flags_json","redaction_applied","created_at","conversation_id","citations_json","content_text") VALUES('b2a9fbdc-9196-4b2f-9cbf-e65e0fcb1fb1','e60a5a88-81e2-4635-b27c-6b5fe66d53e7','dh9UCNGLmzRlSMXenEFmNvOMknwDx4XA','web','assistant',replace('採購作業步驟\n1. 需求單位提出採購申請。\n2. 採購人員評估需求並尋找合格供應商。\n3. 取得至少三家報價單進行比價。\n4. 主管簽核後發出採購單。\n5. 驗收入庫與財務付款。\n\n採購流程\n本文件用於人工驗收 5.1 中文檔名保留驗證。','\n',char(10)),'[]',0,'2026-04-19T06:35:17.021Z','d47c794a-4bce-4102-9235-55b7c2bb6fdf','[{"documentVersionId":"92f763cf-c41e-4f61-993f-64930ea920a3"}]',replace('採購作業步驟\n1. 需求單位提出採購申請。\n2. 採購人員評估需求並尋找合格供應商。\n3. 取得至少三家報價單進行比價。\n4. 主管簽核後發出採購單。\n5. 驗收入庫與財務付款。\n\n採購流程\n本文件用於人工驗收 5.1 中文檔名保留驗證。','\n',char(10)));
INSERT INTO "messages" ("id","query_log_id","user_profile_id","channel","role","content_redacted","risk_flags_json","redaction_applied","created_at","conversation_id","citations_json","content_text") VALUES('67370ba8-8b60-410e-bf11-a61d296652f4','f2e42599-89a3-48d7-9b63-b8a4f1061e2c','dh9UCNGLmzRlSMXenEFmNvOMknwDx4XA','web','user','採購流程的步驟是什麼？','[]',0,'2026-04-19T06:36:07.875Z','2f197bbf-92c9-4141-a61c-c6bba4d190b8','[]','採購流程的步驟是什麼？');
INSERT INTO "messages" ("id","query_log_id","user_profile_id","channel","role","content_redacted","risk_flags_json","redaction_applied","created_at","conversation_id","citations_json","content_text") VALUES('29341feb-04e5-46f7-a186-1201bba8c694','f2e42599-89a3-48d7-9b63-b8a4f1061e2c','dh9UCNGLmzRlSMXenEFmNvOMknwDx4XA','web','assistant',replace('採購作業步驟\n1. 需求單位提出採購申請。\n2. 採購人員評估需求並尋找合格供應商。\n3. 取得至少三家報價單進行比價。\n4. 主管簽核後發出採購單。\n5. 驗收入庫與財務付款。\n\n採購流程\n本文件用於人工驗收 5.1 中文檔名保留驗證。','\n',char(10)),'[]',0,'2026-04-19T06:36:10.809Z','2f197bbf-92c9-4141-a61c-c6bba4d190b8','[{"documentVersionId":"793f61e7-a086-4829-9832-01b5db7381bd"},{"documentVersionId":"92f763cf-c41e-4f61-993f-64930ea920a3"}]',replace('採購作業步驟\n1. 需求單位提出採購申請。\n2. 採購人員評估需求並尋找合格供應商。\n3. 取得至少三家報價單進行比價。\n4. 主管簽核後發出採購單。\n5. 驗收入庫與財務付款。\n\n採購流程\n本文件用於人工驗收 5.1 中文檔名保留驗證。','\n',char(10)));
INSERT INTO "messages" ("id","query_log_id","user_profile_id","channel","role","content_redacted","risk_flags_json","redaction_applied","created_at","conversation_id","citations_json","content_text") VALUES('2ba14ea3-deba-4f83-982e-9fdcf84340fc','1533dc38-5069-4a9a-a192-12292b88bc5d','dh9UCNGLmzRlSMXenEFmNvOMknwDx4XA','web','user','採購流程的步驟是什麼？','[]',0,'2026-04-19T06:36:25.608Z','22ba523a-000c-4760-a4fa-1ccf430e9dde','[]','採購流程的步驟是什麼？');
INSERT INTO "messages" ("id","query_log_id","user_profile_id","channel","role","content_redacted","risk_flags_json","redaction_applied","created_at","conversation_id","citations_json","content_text") VALUES('cd30423d-c347-46fa-9044-2f9d8a57f033','1533dc38-5069-4a9a-a192-12292b88bc5d','dh9UCNGLmzRlSMXenEFmNvOMknwDx4XA','web','assistant',replace('採購作業步驟\n1. 需求單位提出採購申請。\n2. 採購人員評估需求並尋找合格供應商。\n3. 取得至少三家報價單進行比價。\n4. 主管簽核後發出採購單。\n5. 驗收入庫與財務付款。\n\n採購流程\n本文件用於人工驗收 5.1 中文檔名保留驗證。','\n',char(10)),'[]',0,'2026-04-19T06:36:28.560Z','22ba523a-000c-4760-a4fa-1ccf430e9dde','[{"documentVersionId":"793f61e7-a086-4829-9832-01b5db7381bd"},{"documentVersionId":"92f763cf-c41e-4f61-993f-64930ea920a3"}]',replace('採購作業步驟\n1. 需求單位提出採購申請。\n2. 採購人員評估需求並尋找合格供應商。\n3. 取得至少三家報價單進行比價。\n4. 主管簽核後發出採購單。\n5. 驗收入庫與財務付款。\n\n採購流程\n本文件用於人工驗收 5.1 中文檔名保留驗證。','\n',char(10)));
INSERT INTO "messages" ("id","query_log_id","user_profile_id","channel","role","content_redacted","risk_flags_json","redaction_applied","created_at","conversation_id","citations_json","content_text") VALUES('0ea2a05d-dff3-4146-81ca-ece0687ca495','78ba9d5b-af2a-4644-aa62-83861331ed06','dh9UCNGLmzRlSMXenEFmNvOMknwDx4XA','web','user','[BLOCKED:credit_card]','["pii_credit_card"]',1,'2026-04-19T15:54:45.146Z','0b330d74-66e9-405b-a38e-7250ef690403','[]',NULL);
INSERT INTO "messages" ("id","query_log_id","user_profile_id","channel","role","content_redacted","risk_flags_json","redaction_applied","created_at","conversation_id","citations_json","content_text") VALUES('0dc9684c-2a31-4eb3-92fe-1b564b7464fc','c52bd3c8-d9bd-45ff-9b08-6a15256ffab5','dh9UCNGLmzRlSMXenEFmNvOMknwDx4XA','web','user','[BLOCKED:credential]','["credential"]',1,'2026-04-19T15:56:27.932Z','1dff2459-707a-4f1a-a381-ae10ebaa5d4e','[]',NULL);
INSERT INTO "messages" ("id","query_log_id","user_profile_id","channel","role","content_redacted","risk_flags_json","redaction_applied","created_at","conversation_id","citations_json","content_text") VALUES('129fb62f-55a6-4272-96e0-cbe7025fd523','f447904c-06a6-4737-b96a-8209f907c9ba','dh9UCNGLmzRlSMXenEFmNvOMknwDx4XA','web','user','介紹一下你能做什麼','[]',0,'2026-04-20T11:47:22.177Z','2ec40b32-c98c-4387-8b90-2b81ced933e0','[]','介紹一下你能做什麼');
INSERT INTO "messages" ("id","query_log_id","user_profile_id","channel","role","content_redacted","risk_flags_json","redaction_applied","created_at","conversation_id","citations_json","content_text") VALUES('5963e076-5f08-47e7-a36a-d37f1c59f342','e48c9b82-bd20-4a93-9336-dce05e453d00','dh9UCNGLmzRlSMXenEFmNvOMknwDx4XA','web','user','介紹一下你能做什麼','[]',0,'2026-04-20T11:47:49.181Z','4bad7d01-2223-4f84-b8ff-1d0e56fa1a19','[]','介紹一下你能做什麼');
INSERT INTO "messages" ("id","query_log_id","user_profile_id","channel","role","content_redacted","risk_flags_json","redaction_applied","created_at","conversation_id","citations_json","content_text") VALUES('6655ad10-6e93-41bb-a2c0-cf030a13ba3e','70263ca4-b806-4857-b2f6-50cc750ce856','dh9UCNGLmzRlSMXenEFmNvOMknwDx4XA','web','user','介紹一下你能做什麼','[]',0,'2026-04-20T11:52:50.571Z','4f1126de-73a1-48b6-ad15-b259b781d261','[]','介紹一下你能做什麼');
INSERT INTO "messages" ("id","query_log_id","user_profile_id","channel","role","content_redacted","risk_flags_json","redaction_applied","created_at","conversation_id","citations_json","content_text") VALUES('1d83968c-641a-4751-a091-c75a7d12b9ae','5ad3b0e6-1b14-4287-9e0f-2f303b74ad4d','dh9UCNGLmzRlSMXenEFmNvOMknwDx4XA','web','user','介紹一下你能做什麼','[]',0,'2026-04-20T11:52:57.724Z','baca5ae7-c687-45c0-bdec-7e3745b45706','[]','介紹一下你能做什麼');
INSERT INTO "messages" ("id","query_log_id","user_profile_id","channel","role","content_redacted","risk_flags_json","redaction_applied","created_at","conversation_id","citations_json","content_text") VALUES('addb6dfe-8126-42ec-b2bc-67f80ffd0cd4','5a5ee16f-0059-43a6-930a-5d85d98c5811','dh9UCNGLmzRlSMXenEFmNvOMknwDx4XA','web','user','說明採購流程','[]',0,'2026-04-20T11:54:19.874Z','e8adf796-3d64-42e0-98b7-158a5e647542','[]','說明採購流程');
INSERT INTO "messages" ("id","query_log_id","user_profile_id","channel","role","content_redacted","risk_flags_json","redaction_applied","created_at","conversation_id","citations_json","content_text") VALUES('84b30622-5643-4ee3-b496-d9f64111dd22','5a5ee16f-0059-43a6-930a-5d85d98c5811','dh9UCNGLmzRlSMXenEFmNvOMknwDx4XA','web','assistant',replace('採購作業步驟\n1. 需求單位提出採購申請。\n2. 採購人員評估需求並尋找合格供應商。\n3. 取得至少三家報價單進行比價。\n4. 主管簽核後發出採購單。\n5. 驗收入庫與財務付款。\n\n採購流程\n本文件用於人工驗收 5.1 中文檔名保留驗證。','\n',char(10)),'[]',0,'2026-04-20T11:54:25.567Z','e8adf796-3d64-42e0-98b7-158a5e647542','[{"documentVersionId":"793f61e7-a086-4829-9832-01b5db7381bd"}]',replace('採購作業步驟\n1. 需求單位提出採購申請。\n2. 採購人員評估需求並尋找合格供應商。\n3. 取得至少三家報價單進行比價。\n4. 主管簽核後發出採購單。\n5. 驗收入庫與財務付款。\n\n採購流程\n本文件用於人工驗收 5.1 中文檔名保留驗證。','\n',char(10)));
INSERT INTO "messages" ("id","query_log_id","user_profile_id","channel","role","content_redacted","risk_flags_json","redaction_applied","created_at","conversation_id","citations_json","content_text") VALUES('4ed900bc-1798-443d-9abf-05f31d17f42d','b148d226-4ac2-4a6a-b54a-15d81b7c371a','dh9UCNGLmzRlSMXenEFmNvOMknwDx4XA','web','user','test','[]',0,'2026-04-20T12:03:11.540Z','4fdf5e34-935c-4968-b0f2-a873a61dc866','[]','test');
INSERT INTO "messages" ("id","query_log_id","user_profile_id","channel","role","content_redacted","risk_flags_json","redaction_applied","created_at","conversation_id","citations_json","content_text") VALUES('b0a5c588-6856-415c-b23e-82bb72f1da83','d2bea882-e227-499d-914f-7c67b42b29d7','dh9UCNGLmzRlSMXenEFmNvOMknwDx4XA','web','user','採購流程','[]',0,'2026-04-20T12:03:29.864Z','51c55a15-8f88-4df7-b568-1b5c13850222','[]','採購流程');
INSERT INTO "messages" ("id","query_log_id","user_profile_id","channel","role","content_redacted","risk_flags_json","redaction_applied","created_at","conversation_id","citations_json","content_text") VALUES('ad72b2fe-1222-44b5-9358-68474875fcd1','d2bea882-e227-499d-914f-7c67b42b29d7','dh9UCNGLmzRlSMXenEFmNvOMknwDx4XA','web','assistant',replace('採購作業步驟\n1. 需求單位提出採購申請。\n2. 採購人員評估需求並尋找合格供應商。\n3. 取得至少三家報價單進行比價。\n4. 主管簽核後發出採購單。\n5. 驗收入庫與財務付款。\n\n採購流程\n本文件用於人工驗收 5.1 中文檔名保留驗證。','\n',char(10)),'[]',0,'2026-04-20T12:03:33.891Z','51c55a15-8f88-4df7-b568-1b5c13850222','[{"documentVersionId":"793f61e7-a086-4829-9832-01b5db7381bd"}]',replace('採購作業步驟\n1. 需求單位提出採購申請。\n2. 採購人員評估需求並尋找合格供應商。\n3. 取得至少三家報價單進行比價。\n4. 主管簽核後發出採購單。\n5. 驗收入庫與財務付款。\n\n採購流程\n本文件用於人工驗收 5.1 中文檔名保留驗證。','\n',char(10)));
INSERT INTO "messages" ("id","query_log_id","user_profile_id","channel","role","content_redacted","risk_flags_json","redaction_applied","created_at","conversation_id","citations_json","content_text") VALUES('3a64f15d-0c64-43c3-bcaf-8d82268291f7','a80f4654-a275-49b5-b92f-05799322e7b3','dh9UCNGLmzRlSMXenEFmNvOMknwDx4XA','web','user','採購流程','[]',0,'2026-04-20T12:03:51.965Z','00319545-b94b-4e16-8a0a-428b4cab4b29','[]','採購流程');
INSERT INTO "messages" ("id","query_log_id","user_profile_id","channel","role","content_redacted","risk_flags_json","redaction_applied","created_at","conversation_id","citations_json","content_text") VALUES('b0ff5d38-ea08-4ed5-be3d-d0b75200bc04','a80f4654-a275-49b5-b92f-05799322e7b3','dh9UCNGLmzRlSMXenEFmNvOMknwDx4XA','web','assistant',replace('採購作業步驟\n1. 需求單位提出採購申請。\n2. 採購人員評估需求並尋找合格供應商。\n3. 取得至少三家報價單進行比價。\n4. 主管簽核後發出採購單。\n5. 驗收入庫與財務付款。\n\n採購流程\n本文件用於人工驗收 5.1 中文檔名保留驗證。','\n',char(10)),'[]',0,'2026-04-20T12:03:54.779Z','00319545-b94b-4e16-8a0a-428b4cab4b29','[{"documentVersionId":"793f61e7-a086-4829-9832-01b5db7381bd"}]',replace('採購作業步驟\n1. 需求單位提出採購申請。\n2. 採購人員評估需求並尋找合格供應商。\n3. 取得至少三家報價單進行比價。\n4. 主管簽核後發出採購單。\n5. 驗收入庫與財務付款。\n\n採購流程\n本文件用於人工驗收 5.1 中文檔名保留驗證。','\n',char(10)));
CREATE TABLE IF NOT EXISTS "member_role_changes" (
  id TEXT PRIMARY KEY,
  user_id TEXT NOT NULL,
  from_role TEXT NOT NULL,
  to_role TEXT NOT NULL,
  changed_by TEXT NOT NULL,
  reason TEXT,
  created_at TEXT NOT NULL DEFAULT CURRENT_TIMESTAMP,
  FOREIGN KEY (user_id) REFERENCES "user"(id)
);
INSERT INTO "member_role_changes" ("id","user_id","from_role","to_role","changed_by","reason","created_at") VALUES('a0d3cad6-cd04-4f3a-a799-cfdbe77b9a4f','7EqpLmB6wg5FlHVEskxWjqPDf3ESURNj','member','guest','dh9UCNGLmzRlSMXenEFmNvOMknwDx4XA','admin-ui','2026-04-19 16:24:37');
INSERT INTO "member_role_changes" ("id","user_id","from_role","to_role","changed_by","reason","created_at") VALUES('5d069ee6-399f-4484-b422-1f1280a0eaa8','7EqpLmB6wg5FlHVEskxWjqPDf3ESURNj','guest','member','dh9UCNGLmzRlSMXenEFmNvOMknwDx4XA','admin-ui','2026-04-19 16:24:40');
CREATE TABLE passkey (
  id TEXT PRIMARY KEY,
  name TEXT,
  publicKey TEXT NOT NULL,
  userId TEXT NOT NULL REFERENCES "user"(id) ON DELETE CASCADE,
  credentialID TEXT NOT NULL,
  counter INTEGER NOT NULL DEFAULT 0,
  deviceType TEXT NOT NULL,
  backedUp INTEGER NOT NULL DEFAULT 0 CHECK (backedUp IN (0, 1)),
  transports TEXT,
  createdAt INTEGER NOT NULL DEFAULT (cast(unixepoch('subsecond') * 1000 as integer)),
  aaguid TEXT
);
DELETE FROM sqlite_sequence;
INSERT INTO "sqlite_sequence" ("name","seq") VALUES('d1_migrations',9);
CREATE UNIQUE INDEX document_versions_document_version_unique ON document_versions(document_id, version_number);
CREATE INDEX document_versions_document_current_idx ON document_versions(document_id, is_current);
CREATE UNIQUE INDEX source_chunks_version_chunk_unique ON source_chunks(document_version_id, chunk_index);
CREATE INDEX source_chunks_version_locator_idx ON source_chunks(document_version_id, citation_locator);
CREATE INDEX conversations_user_created_idx ON conversations(user_profile_id, created_at);
CREATE UNIQUE INDEX idx_document_versions_current_per_document
  ON document_versions(document_id)
  WHERE is_current = 1;
CREATE INDEX idx_source_chunks_version_locator
  ON source_chunks(document_version_id, citation_locator);
CREATE INDEX account_userId_idx ON "account"(userId);
CREATE INDEX idx_query_logs_channel_created_at
  ON query_logs(channel, created_at);
CREATE INDEX idx_citation_records_query_log_id
  ON citation_records(query_log_id);
CREATE INDEX idx_citation_records_expires_at
  ON citation_records(expires_at);
CREATE INDEX idx_messages_query_log_id
  ON messages(query_log_id);
CREATE INDEX idx_messages_conversation_created_at
  ON messages(conversation_id, created_at);
CREATE INDEX idx_member_role_changes_user_created
  ON member_role_changes(user_id, created_at);
CREATE UNIQUE INDEX user_email_partial_unique
  ON "user"(email) WHERE email IS NOT NULL;
CREATE UNIQUE INDEX user_display_name_unique_ci
  ON "user"(lower(display_name));
CREATE UNIQUE INDEX passkey_credentialID_idx
  ON passkey(credentialID);
CREATE INDEX passkey_userId_idx
  ON passkey(userId);
